id,zone,in_type,in_number,in_channel,modifier,grid_mode,action,target,slot,transport,control_path,value_type,value,led_state_source,led_palette,notes
PAD_S1_T1_CLIP_CONNECT,GRID_CLIP,note,92,1,,SESSION,clip_connect,LAYER7,bank*8+1,osc,/composition/layers/{L7}/clips/{bank*8+1}/connect,int,1,,OFF|L7_DIM|L7_FULL,
PAD_S1_T1_CLIP_SELECT,GRID_CLIP,note,92,1,SELECT,SESSION,clip_select,LAYER7,bank*8+1,osc,/composition/layers/{L7}/clips/{bank*8+1}/select,int,1,,OFF|L7_DIM|L7_FULL,
PAD_S1_T1_FX_OPACITY_TOGGLE,GRID_FX,note,92,1,,FX,fx_opacity_toggle,LAYER1,fx_page*8+1,ws,/parameter/by-id/{fx[LAYER1:fx_page*8+1].opacity_id},float,0.0<->on_value,,OFF|FX_OFF|FX_MID|FX_ON|FX_BYPASSED,"Paged slot; immediate opacity toggle, Shift bypass, Select capture current opacity."
PAD_S1_T1_FX_BYPASS_TOGGLE,GRID_FX,note,92,1,SHIFT,FX,fx_bypass_toggle,LAYER1,fx_page*8+1,ws,/parameter/by-id/{fx[LAYER1:fx_page*8+1].bypassed_id},bool_as_int,0|1,,OFF|FX_OFF|FX_MID|FX_ON|FX_BYPASSED,"Paged slot; immediate opacity toggle, Shift bypass, Select capture current opacity."
PAD_S1_T1_FX_CAPTURE_ON_VALUE,GRID_FX,note,92,1,SELECT,FX,fx_capture_on_value,LAYER1,fx_page*8+1,internal,fx[LAYER1:fx_page*8+1].on_value,float,current opacity,,OFF|FX_OFF|FX_MID|FX_ON|FX_BYPASSED,"Paged slot; immediate opacity toggle, Shift bypass, Select capture current opacity."
PAD_S1_T2_CLIP_CONNECT,GRID_CLIP,note,93,1,,SESSION,clip_connect,LAYER7,bank*8+2,osc,/composition/layers/{L7}/clips/{bank*8+2}/connect,int,1,,OFF|L7_DIM|L7_FULL,
PAD_S1_T2_CLIP_SELECT,GRID_CLIP,note,93,1,SELECT,SESSION,clip_select,LAYER7,bank*8+2,osc,/composition/layers/{L7}/clips/{bank*8+2}/select,int,1,,OFF|L7_DIM|L7_FULL,
PAD_S1_T2_FX_OPACITY_TOGGLE,GRID_FX,note,93,1,,FX,fx_opacity_toggle,LAYER2,fx_page*8+1,ws,/parameter/by-id/{fx[LAYER2:fx_page*8+1].opacity_id},float,0.0<->on_value,,OFF|FX_OFF|FX_MID|FX_ON|FX_BYPASSED,"Paged slot; immediate opacity toggle, Shift bypass, Select capture current opacity."
PAD_S1_T2_FX_BYPASS_TOGGLE,GRID_FX,note,93,1,SHIFT,FX,fx_bypass_toggle,LAYER2,fx_page*8+1,ws,/parameter/by-id/{fx[LAYER2:fx_page*8+1].bypassed_id},bool_as_int,0|1,,OFF|FX_OFF|FX_MID|FX_ON|FX_BYPASSED,"Paged slot; immediate opacity toggle, Shift bypass, Select capture current opacity."
PAD_S1_T2_FX_CAPTURE_ON_VALUE,GRID_FX,note,93,1,SELECT,FX,fx_capture_on_value,LAYER2,fx_page*8+1,internal,fx[LAYER2:fx_page*8+1].on_value,float,current opacity,,OFF|FX_OFF|FX_MID|FX_ON|FX_BYPASSED,"Paged slot; immediate opacity toggle, Shift bypass, Select capture current opacity."
PAD_S1_T3_CLIP_CONNECT,GRID_CLIP,note,94,1,,SESSION,clip_connect,LAYER7,bank*8+3,osc,/composition/layers/{L7}/clips/{bank*8+3}/connect,int,1,,OFF|L7_DIM|L7_FULL,
PAD_S1_T3_CLIP_SELECT,GRID_CLIP,note,94,1,SELECT,SESSION,clip_select,LAYER7,bank*8+3,osc,/composition/layers/{L7}/clips/{bank*8+3}/select,int,1,,OFF|L7_DIM|L7_FULL,
PAD_S1_T3_FX_OPACITY_TOGGLE,GRID_FX,note,94,1,,FX,fx_opacity_toggle,LAYER3,fx_page*8+1,ws,/parameter/by-id/{fx[LAYER3:fx_page*8+1].opacity_id},float,0.0<->on_value,,OFF|FX_OFF|FX_MID|FX_ON|FX_BYPASSED,"Paged slot; immediate opacity toggle, Shift bypass, Select capture current opacity."
PAD_S1_T3_FX_BYPASS_TOGGLE,GRID_FX,note,94,1,SHIFT,FX,fx_bypass_toggle,LAYER3,fx_page*8+1,ws,/parameter/by-id/{fx[LAYER3:fx_page*8+1].bypassed_id},bool_as_int,0|1,,OFF|FX_OFF|FX_MID|FX_ON|FX_BYPASSED,"Paged slot; immediate opacity toggle, Shift bypass, Select capture current opacity."
PAD_S1_T3_FX_CAPTURE_ON_VALUE,GRID_FX,note,94,1,SELECT,FX,fx_capture_on_value,LAYER3,fx_page*8+1,internal,fx[LAYER3:fx_page*8+1].on_value,float,current opacity,,OFF|FX_OFF|FX_MID|FX_ON|FX_BYPASSED,"Paged slot; immediate opacity toggle, Shift bypass, Select capture current opacity."
PAD_S1_T4_CLIP_CONNECT,GRID_CLIP,note,95,1,,SESSION,clip_connect,LAYER7,bank*8+4,osc,/composition/layers/{L7}/clips/{bank*8+4}/connect,int,1,,OFF|L7_DIM|L7_FULL,
PAD_S1_T4_CLIP_SELECT,GRID_CLIP,note,95,1,SELECT,SESSION,clip_select,LAYER7,bank*8+4,osc,/composition/layers/{L7}/clips/{bank*8+4}/select,int,1,,OFF|L7_DIM|L7_FULL,
PAD_S1_T4_FX_OPACITY_TOGGLE,GRID_FX,note,95,1,,FX,fx_opacity_toggle,LAYER4,fx_page*8+1,ws,/parameter/by-id/{fx[LAYER4:fx_page*8+1].opacity_id},float,0.0<->on_value,,OFF|FX_OFF|FX_MID|FX_ON|FX_BYPASSED,"Paged slot; immediate opacity toggle, Shift bypass, Select capture current opacity."
PAD_S1_T4_FX_BYPASS_TOGGLE,GRID_FX,note,95,1,SHIFT,FX,fx_bypass_toggle,LAYER4,fx_page*8+1,ws,/parameter/by-id/{fx[LAYER4:fx_page*8+1].bypassed_id},bool_as_int,0|1,,OFF|FX_OFF|FX_MID|FX_ON|FX_BYPASSED,"Paged slot; immediate opacity toggle, Shift bypass, Select capture current opacity."
PAD_S1_T4_FX_CAPTURE_ON_VALUE,GRID_FX,note,95,1,SELECT,FX,fx_capture_on_value,LAYER4,fx_page*8+1,internal,fx[LAYER4:fx_page*8+1].on_value,float,current opacity,,OFF|FX_OFF|FX_MID|FX_ON|FX_BYPASSED,"Paged slot; immediate opacity toggle, Shift bypass, Select capture current opacity."
PAD_S1_T5_CLIP_CONNECT,GRID_CLIP,note,96,1,,SESSION,clip_connect,LAYER7,bank*8+5,osc,/composition/layers/{L7}/clips/{bank*8+5}/connect,int,1,,OFF|L7_DIM|L7_FULL,
PAD_S1_T5_CLIP_SELECT,GRID_CLIP,note,96,1,SELECT,SESSION,clip_select,LAYER7,bank*8+5,osc,/composition/layers/{L7}/clips/{bank*8+5}/select,int,1,,OFF|L7_DIM|L7_FULL,
PAD_S1_T5_FX_OPACITY_TOGGLE,GRID_FX,note,96,1,,FX,fx_opacity_toggle,LAYER5,fx_page*8+1,ws,/parameter/by-id/{fx[LAYER5:fx_page*8+1].opacity_id},float,0.0<->on_value,,OFF|FX_OFF|FX_MID|FX_ON|FX_BYPASSED,"Paged slot; immediate opacity toggle, Shift bypass, Select capture current opacity."
PAD_S1_T5_FX_BYPASS_TOGGLE,GRID_FX,note,96,1,SHIFT,FX,fx_bypass_toggle,LAYER5,fx_page*8+1,ws,/parameter/by-id/{fx[LAYER5:fx_page*8+1].bypassed_id},bool_as_int,0|1,,OFF|FX_OFF|FX_MID|FX_ON|FX_BYPASSED,"Paged slot; immediate opacity toggle, Shift bypass, Select capture current opacity."
PAD_S1_T5_FX_CAPTURE_ON_VALUE,GRID_FX,note,96,1,SELECT,FX,fx_capture_on_value,LAYER5,fx_page*8+1,internal,fx[LAYER5:fx_page*8+1].on_value,float,current opacity,,OFF|FX_OFF|FX_MID|FX_ON|FX_BYPASSED,"Paged slot; immediate opacity toggle, Shift bypass, Select capture current opacity."
PAD_S1_T6_CLIP_CONNECT,GRID_CLIP,note,97,1,,SESSION,clip_connect,LAYER7,bank*8+6,osc,/composition/layers/{L7}/clips/{bank*8+6}/connect,int,1,,OFF|L7_DIM|L7_FULL,
PAD_S1_T6_CLIP_SELECT,GRID_CLIP,note,97,1,SELECT,SESSION,clip_select,LAYER7,bank*8+6,osc,/composition/layers/{L7}/clips/{bank*8+6}/select,int,1,,OFF|L7_DIM|L7_FULL,
PAD_S1_T6_FX_OPACITY_TOGGLE,GRID_FX,note,97,1,,FX,fx_opacity_toggle,LAYER6,fx_page*8+1,ws,/parameter/by-id/{fx[LAYER6:fx_page*8+1].opacity_id},float,0.0<->on_value,,OFF|FX_OFF|FX_MID|FX_ON|FX_BYPASSED,"Paged slot; immediate opacity toggle, Shift bypass, Select capture current opacity."
PAD_S1_T6_FX_BYPASS_TOGGLE,GRID_FX,note,97,1,SHIFT,FX,fx_bypass_toggle,LAYER6,fx_page*8+1,ws,/parameter/by-id/{fx[LAYER6:fx_page*8+1].bypassed_id},bool_as_int,0|1,,OFF|FX_OFF|FX_MID|FX_ON|FX_BYPASSED,"Paged slot; immediate opacity toggle, Shift bypass, Select capture current opacity."
PAD_S1_T6_FX_CAPTURE_ON_VALUE,GRID_FX,note,97,1,SELECT,FX,fx_capture_on_value,LAYER6,fx_page*8+1,internal,fx[LAYER6:fx_page*8+1].on_value,float,current opacity,,OFF|FX_OFF|FX_MID|FX_ON|FX_BYPASSED,"Paged slot; immediate opacity toggle, Shift bypass, Select capture current opacity."
PAD_S1_T7_CLIP_CONNECT,GRID_CLIP,note,98,1,,SESSION,clip_connect,LAYER7,bank*8+7,osc,/composition/layers/{L7}/clips/{bank*8+7}/connect,int,1,,OFF|L7_DIM|L7_FULL,
PAD_S1_T7_CLIP_SELECT,GRID_CLIP,note,98,1,SELECT,SESSION,clip_select,LAYER7,bank*8+7,osc,/composition/layers/{L7}/clips/{bank*8+7}/select,int,1,,OFF|L7_DIM|L7_FULL,
PAD_S1_T7_FX_OPACITY_TOGGLE,GRID_FX,note,98,1,,FX,fx_opacity_toggle,LAYER7,fx_page*8+1,ws,/parameter/by-id/{fx[LAYER7:fx_page*8+1].opacity_id},float,0.0<->on_value,,OFF|FX_OFF|FX_MID|FX_ON|FX_BYPASSED,"Paged slot; immediate opacity toggle, Shift bypass, Select capture current opacity."
PAD_S1_T7_FX_BYPASS_TOGGLE,GRID_FX,note,98,1,SHIFT,FX,fx_bypass_toggle,LAYER7,fx_page*8+1,ws,/parameter/by-id/{fx[LAYER7:fx_page*8+1].bypassed_id},bool_as_int,0|1,,OFF|FX_OFF|FX_MID|FX_ON|FX_BYPASSED,"Paged slot; immediate opacity toggle, Shift bypass, Select capture current opacity."
PAD_S1_T7_FX_CAPTURE_ON_VALUE,GRID_FX,note,98,1,SELECT,FX,fx_capture_on_value,LAYER7,fx_page*8+1,internal,fx[LAYER7:fx_page*8+1].on_value,float,current opacity,,OFF|FX_OFF|FX_MID|FX_ON|FX_BYPASSED,"Paged slot; immediate opacity toggle, Shift bypass, Select capture current opacity."
PAD_S1_T8_CLIP_CONNECT,GRID_CLIP,note,99,1,,SESSION,clip_connect,LAYER7,bank*8+8,osc,/composition/layers/{L7}/clips/{bank*8+8}/connect,int,1,,OFF|L7_DIM|L7_FULL,
PAD_S1_T8_CLIP_SELECT,GRID_CLIP,note,99,1,SELECT,SESSION,clip_select,LAYER7,bank*8+8,osc,/composition/layers/{L7}/clips/{bank*8+8}/select,int,1,,OFF|L7_DIM|L7_FULL,
PAD_S1_T8_FX_OPACITY_TOGGLE,GRID_FX,note,99,1,,FX,fx_opacity_toggle,COMPOSITION,fx_page*8+1,ws,/parameter/by-id/{fx[COMPOSITION:fx_page*8+1].opacity_id},float,0.0<->on_value,,OFF|FX_OFF|FX_MID|FX_ON|FX_BYPASSED,"Paged slot; immediate opacity toggle, Shift bypass, Select capture current opacity."
PAD_S1_T8_FX_BYPASS_TOGGLE,GRID_FX,note,99,1,SHIFT,FX,fx_bypass_toggle,COMPOSITION,fx_page*8+1,ws,/parameter/by-id/{fx[COMPOSITION:fx_page*8+1].bypassed_id},bool_as_int,0|1,,OFF|FX_OFF|FX_MID|FX_ON|FX_BYPASSED,"Paged slot; immediate opacity toggle, Shift bypass, Select capture current opacity."
PAD_S1_T8_FX_CAPTURE_ON_VALUE,GRID_FX,note,99,1,SELECT,FX,fx_capture_on_value,COMPOSITION,fx_page*8+1,internal,fx[COMPOSITION:fx_page*8+1].on_value,float,current opacity,,OFF|FX_OFF|FX_MID|FX_ON|FX_BYPASSED,"Paged slot; immediate opacity toggle, Shift bypass, Select capture current opacity."
PAD_S2_T1_CLIP_CONNECT,GRID_CLIP,note,84,1,,SESSION,clip_connect,LAYER6,bank*8+1,osc,/composition/layers/{L6}/clips/{bank*8+1}/connect,int,1,,OFF|L6_DIM|L6_FULL,
PAD_S2_T1_CLIP_SELECT,GRID_CLIP,note,84,1,SELECT,SESSION,clip_select,LAYER6,bank*8+1,osc,/composition/layers/{L6}/clips/{bank*8+1}/select,int,1,,OFF|L6_DIM|L6_FULL,
PAD_S2_T1_FX_OPACITY_TOGGLE,GRID_FX,note,84,1,,FX,fx_opacity_toggle,LAYER1,fx_page*8+2,ws,/parameter/by-id/{fx[LAYER1:fx_page*8+2].opacity_id},float,0.0<->on_value,,OFF|FX_OFF|FX_MID|FX_ON|FX_BYPASSED,"Paged slot; immediate opacity toggle, Shift bypass, Select capture current opacity."
PAD_S2_T1_FX_BYPASS_TOGGLE,GRID_FX,note,84,1,SHIFT,FX,fx_bypass_toggle,LAYER1,fx_page*8+2,ws,/parameter/by-id/{fx[LAYER1:fx_page*8+2].bypassed_id},bool_as_int,0|1,,OFF|FX_OFF|FX_MID|FX_ON|FX_BYPASSED,"Paged slot; immediate opacity toggle, Shift bypass, Select capture current opacity."
PAD_S2_T1_FX_CAPTURE_ON_VALUE,GRID_FX,note,84,1,SELECT,FX,fx_capture_on_value,LAYER1,fx_page*8+2,internal,fx[LAYER1:fx_page*8+2].on_value,float,current opacity,,OFF|FX_OFF|FX_MID|FX_ON|FX_BYPASSED,"Paged slot; immediate opacity toggle, Shift bypass, Select capture current opacity."
PAD_S2_T2_CLIP_CONNECT,GRID_CLIP,note,85,1,,SESSION,clip_connect,LAYER6,bank*8+2,osc,/composition/layers/{L6}/clips/{bank*8+2}/connect,int,1,,OFF|L6_DIM|L6_FULL,
PAD_S2_T2_CLIP_SELECT,GRID_CLIP,note,85,1,SELECT,SESSION,clip_select,LAYER6,bank*8+2,osc,/composition/layers/{L6}/clips/{bank*8+2}/select,int,1,,OFF|L6_DIM|L6_FULL,
PAD_S2_T2_FX_OPACITY_TOGGLE,GRID_FX,note,85,1,,FX,fx_opacity_toggle,LAYER2,fx_page*8+2,ws,/parameter/by-id/{fx[LAYER2:fx_page*8+2].opacity_id},float,0.0<->on_value,,OFF|FX_OFF|FX_MID|FX_ON|FX_BYPASSED,"Paged slot; immediate opacity toggle, Shift bypass, Select capture current opacity."
PAD_S2_T2_FX_BYPASS_TOGGLE,GRID_FX,note,85,1,SHIFT,FX,fx_bypass_toggle,LAYER2,fx_page*8+2,ws,/parameter/by-id/{fx[LAYER2:fx_page*8+2].bypassed_id},bool_as_int,0|1,,OFF|FX_OFF|FX_MID|FX_ON|FX_BYPASSED,"Paged slot; immediate opacity toggle, Shift bypass, Select capture current opacity."
PAD_S2_T2_FX_CAPTURE_ON_VALUE,GRID_FX,note,85,1,SELECT,FX,fx_capture_on_value,LAYER2,fx_page*8+2,internal,fx[LAYER2:fx_page*8+2].on_value,float,current opacity,,OFF|FX_OFF|FX_MID|FX_ON|FX_BYPASSED,"Paged slot; immediate opacity toggle, Shift bypass, Select capture current opacity."
PAD_S2_T3_CLIP_CONNECT,GRID_CLIP,note,86,1,,SESSION,clip_connect,LAYER6,bank*8+3,osc,/composition/layers/{L6}/clips/{bank*8+3}/connect,int,1,,OFF|L6_DIM|L6_FULL,
PAD_S2_T3_CLIP_SELECT,GRID_CLIP,note,86,1,SELECT,SESSION,clip_select,LAYER6,bank*8+3,osc,/composition/layers/{L6}/clips/{bank*8+3}/select,int,1,,OFF|L6_DIM|L6_FULL,
PAD_S2_T3_FX_OPACITY_TOGGLE,GRID_FX,note,86,1,,FX,fx_opacity_toggle,LAYER3,fx_page*8+2,ws,/parameter/by-id/{fx[LAYER3:fx_page*8+2].opacity_id},float,0.0<->on_value,,OFF|FX_OFF|FX_MID|FX_ON|FX_BYPASSED,"Paged slot; immediate opacity toggle, Shift bypass, Select capture current opacity."
PAD_S2_T3_FX_BYPASS_TOGGLE,GRID_FX,note,86,1,SHIFT,FX,fx_bypass_toggle,LAYER3,fx_page*8+2,ws,/parameter/by-id/{fx[LAYER3:fx_page*8+2].bypassed_id},bool_as_int,0|1,,OFF|FX_OFF|FX_MID|FX_ON|FX_BYPASSED,"Paged slot; immediate opacity toggle, Shift bypass, Select capture current opacity."
PAD_S2_T3_FX_CAPTURE_ON_VALUE,GRID_FX,note,86,1,SELECT,FX,fx_capture_on_value,LAYER3,fx_page*8+2,internal,fx[LAYER3:fx_page*8+2].on_value,float,current opacity,,OFF|FX_OFF|FX_MID|FX_ON|FX_BYPASSED,"Paged slot; immediate opacity toggle, Shift bypass, Select capture current opacity."
PAD_S2_T4_CLIP_CONNECT,GRID_CLIP,note,87,1,,SESSION,clip_connect,LAYER6,bank*8+4,osc,/composition/layers/{L6}/clips/{bank*8+4}/connect,int,1,,OFF|L6_DIM|L6_FULL,
PAD_S2_T4_CLIP_SELECT,GRID_CLIP,note,87,1,SELECT,SESSION,clip_select,LAYER6,bank*8+4,osc,/composition/layers/{L6}/clips/{bank*8+4}/select,int,1,,OFF|L6_DIM|L6_FULL,
PAD_S2_T4_FX_OPACITY_TOGGLE,GRID_FX,note,87,1,,FX,fx_opacity_toggle,LAYER4,fx_page*8+2,ws,/parameter/by-id/{fx[LAYER4:fx_page*8+2].opacity_id},float,0.0<->on_value,,OFF|FX_OFF|FX_MID|FX_ON|FX_BYPASSED,"Paged slot; immediate opacity toggle, Shift bypass, Select capture current opacity."
PAD_S2_T4_FX_BYPASS_TOGGLE,GRID_FX,note,87,1,SHIFT,FX,fx_bypass_toggle,LAYER4,fx_page*8+2,ws,/parameter/by-id/{fx[LAYER4:fx_page*8+2].bypassed_id},bool_as_int,0|1,,OFF|FX_OFF|FX_MID|FX_ON|FX_BYPASSED,"Paged slot; immediate opacity toggle, Shift bypass, Select capture current opacity."
PAD_S2_T4_FX_CAPTURE_ON_VALUE,GRID_FX,note,87,1,SELECT,FX,fx_capture_on_value,LAYER4,fx_page*8+2,internal,fx[LAYER4:fx_page*8+2].on_value,float,current opacity,,OFF|FX_OFF|FX_MID|FX_ON|FX_BYPASSED,"Paged slot; immediate opacity toggle, Shift bypass, Select capture current opacity."
PAD_S2_T5_CLIP_CONNECT,GRID_CLIP,note,88,1,,SESSION,clip_connect,LAYER6,bank*8+5,osc,/composition/layers/{L6}/clips/{bank*8+5}/connect,int,1,,OFF|L6_DIM|L6_FULL,
PAD_S2_T5_CLIP_SELECT,GRID_CLIP,note,88,1,SELECT,SESSION,clip_select,LAYER6,bank*8+5,osc,/composition/layers/{L6}/clips/{bank*8+5}/select,int,1,,OFF|L6_DIM|L6_FULL,
PAD_S2_T5_FX_OPACITY_TOGGLE,GRID_FX,note,88,1,,FX,fx_opacity_toggle,LAYER5,fx_page*8+2,ws,/parameter/by-id/{fx[LAYER5:fx_page*8+2].opacity_id},float,0.0<->on_value,,OFF|FX_OFF|FX_MID|FX_ON|FX_BYPASSED,"Paged slot; immediate opacity toggle, Shift bypass, Select capture current opacity."
PAD_S2_T5_FX_BYPASS_TOGGLE,GRID_FX,note,88,1,SHIFT,FX,fx_bypass_toggle,LAYER5,fx_page*8+2,ws,/parameter/by-id/{fx[LAYER5:fx_page*8+2].bypassed_id},bool_as_int,0|1,,OFF|FX_OFF|FX_MID|FX_ON|FX_BYPASSED,"Paged slot; immediate opacity toggle, Shift bypass, Select capture current opacity."
PAD_S2_T5_FX_CAPTURE_ON_VALUE,GRID_FX,note,88,1,SELECT,FX,fx_capture_on_value,LAYER5,fx_page*8+2,internal,fx[LAYER5:fx_page*8+2].on_value,float,current opacity,,OFF|FX_OFF|FX_MID|FX_ON|FX_BYPASSED,"Paged slot; immediate opacity toggle, Shift bypass, Select capture current opacity."
PAD_S2_T6_CLIP_CONNECT,GRID_CLIP,note,89,1,,SESSION,clip_connect,LAYER6,bank*8+6,osc,/composition/layers/{L6}/clips/{bank*8+6}/connect,int,1,,OFF|L6_DIM|L6_FULL,
PAD_S2_T6_CLIP_SELECT,GRID_CLIP,note,89,1,SELECT,SESSION,clip_select,LAYER6,bank*8+6,osc,/composition/layers/{L6}/clips/{bank*8+6}/select,int,1,,OFF|L6_DIM|L6_FULL,
PAD_S2_T6_FX_OPACITY_TOGGLE,GRID_FX,note,89,1,,FX,fx_opacity_toggle,LAYER6,fx_page*8+2,ws,/parameter/by-id/{fx[LAYER6:fx_page*8+2].opacity_id},float,0.0<->on_value,,OFF|FX_OFF|FX_MID|FX_ON|FX_BYPASSED,"Paged slot; immediate opacity toggle, Shift bypass, Select capture current opacity."
PAD_S2_T6_FX_BYPASS_TOGGLE,GRID_FX,note,89,1,SHIFT,FX,fx_bypass_toggle,LAYER6,fx_page*8+2,ws,/parameter/by-id/{fx[LAYER6:fx_page*8+2].bypassed_id},bool_as_int,0|1,,OFF|FX_OFF|FX_MID|FX_ON|FX_BYPASSED,"Paged slot; immediate opacity toggle, Shift bypass, Select capture current opacity."
PAD_S2_T6_FX_CAPTURE_ON_VALUE,GRID_FX,note,89,1,SELECT,FX,fx_capture_on_value,LAYER6,fx_page*8+2,internal,fx[LAYER6:fx_page*8+2].on_value,float,current opacity,,OFF|FX_OFF|FX_MID|FX_ON|FX_BYPASSED,"Paged slot; immediate opacity toggle, Shift bypass, Select capture current opacity."
PAD_S2_T7_CLIP_CONNECT,GRID_CLIP,note,90,1,,SESSION,clip_connect,LAYER6,bank*8+7,osc,/composition/layers/{L6}/clips/{bank*8+7}/connect,int,1,,OFF|L6_DIM|L6_FULL,
PAD_S2_T7_CLIP_SELECT,GRID_CLIP,note,90,1,SELECT,SESSION,clip_select,LAYER6,bank*8+7,osc,/composition/layers/{L6}/clips/{bank*8+7}/select,int,1,,OFF|L6_DIM|L6_FULL,
PAD_S2_T7_FX_OPACITY_TOGGLE,GRID_FX,note,90,1,,FX,fx_opacity_toggle,LAYER7,fx_page*8+2,ws,/parameter/by-id/{fx[LAYER7:fx_page*8+2].opacity_id},float,0.0<->on_value,,OFF|FX_OFF|FX_MID|FX_ON|FX_BYPASSED,"Paged slot; immediate opacity toggle, Shift bypass, Select capture current opacity."
PAD_S2_T7_FX_BYPASS_TOGGLE,GRID_FX,note,90,1,SHIFT,FX,fx_bypass_toggle,LAYER7,fx_page*8+2,ws,/parameter/by-id/{fx[LAYER7:fx_page*8+2].bypassed_id},bool_as_int,0|1,,OFF|FX_OFF|FX_MID|FX_ON|FX_BYPASSED,"Paged slot; immediate opacity toggle, Shift bypass, Select capture current opacity."
PAD_S2_T7_FX_CAPTURE_ON_VALUE,GRID_FX,note,90,1,SELECT,FX,fx_capture_on_value,LAYER7,fx_page*8+2,internal,fx[LAYER7:fx_page*8+2].on_value,float,current opacity,,OFF|FX_OFF|FX_MID|FX_ON|FX_BYPASSED,"Paged slot; immediate opacity toggle, Shift bypass, Select capture current opacity."
PAD_S2_T8_CLIP_CONNECT,GRID_CLIP,note,91,1,,SESSION,clip_connect,LAYER6,bank*8+8,osc,/composition/layers/{L6}/clips/{bank*8+8}/connect,int,1,,OFF|L6_DIM|L6_FULL,
PAD_S2_T8_CLIP_SELECT,GRID_CLIP,note,91,1,SELECT,SESSION,clip_select,LAYER6,bank*8+8,osc,/composition/layers/{L6}/clips/{bank*8+8}/select,int,1,,OFF|L6_DIM|L6_FULL,
PAD_S2_T8_FX_OPACITY_TOGGLE,GRID_FX,note,91,1,,FX,fx_opacity_toggle,COMPOSITION,fx_page*8+2,ws,/parameter/by-id/{fx[COMPOSITION:fx_page*8+2].opacity_id},float,0.0<->on_value,,OFF|FX_OFF|FX_MID|FX_ON|FX_BYPASSED,"Paged slot; immediate opacity toggle, Shift bypass, Select capture current opacity."
PAD_S2_T8_FX_BYPASS_TOGGLE,GRID_FX,note,91,1,SHIFT,FX,fx_bypass_toggle,COMPOSITION,fx_page*8+2,ws,/parameter/by-id/{fx[COMPOSITION:fx_page*8+2].bypassed_id},bool_as_int,0|1,,OFF|FX_OFF|FX_MID|FX_ON|FX_BYPASSED,"Paged slot; immediate opacity toggle, Shift bypass, Select capture current opacity."
PAD_S2_T8_FX_CAPTURE_ON_VALUE,GRID_FX,note,91,1,SELECT,FX,fx_capture_on_value,COMPOSITION,fx_page*8+2,internal,fx[COMPOSITION:fx_page*8+2].on_value,float,current opacity,,OFF|FX_OFF|FX_MID|FX_ON|FX_BYPASSED,"Paged slot; immediate opacity toggle, Shift bypass, Select capture current opacity."
PAD_S3_T1_CLIP_CONNECT,GRID_CLIP,note,76,1,,SESSION,clip_connect,LAYER5,bank*8+1,osc,/composition/layers/{L5}/clips/{bank*8+1}/connect,int,1,,OFF|L5_DIM|L5_FULL,
PAD_S3_T1_CLIP_SELECT,GRID_CLIP,note,76,1,SELECT,SESSION,clip_select,LAYER5,bank*8+1,osc,/composition/layers/{L5}/clips/{bank*8+1}/select,int,1,,OFF|L5_DIM|L5_FULL,
PAD_S3_T1_FX_OPACITY_TOGGLE,GRID_FX,note,76,1,,FX,fx_opacity_toggle,LAYER1,fx_page*8+3,ws,/parameter/by-id/{fx[LAYER1:fx_page*8+3].opacity_id},float,0.0<->on_value,,OFF|FX_OFF|FX_MID|FX_ON|FX_BYPASSED,"Paged slot; immediate opacity toggle, Shift bypass, Select capture current opacity."
PAD_S3_T1_FX_BYPASS_TOGGLE,GRID_FX,note,76,1,SHIFT,FX,fx_bypass_toggle,LAYER1,fx_page*8+3,ws,/parameter/by-id/{fx[LAYER1:fx_page*8+3].bypassed_id},bool_as_int,0|1,,OFF|FX_OFF|FX_MID|FX_ON|FX_BYPASSED,"Paged slot; immediate opacity toggle, Shift bypass, Select capture current opacity."
PAD_S3_T1_FX_CAPTURE_ON_VALUE,GRID_FX,note,76,1,SELECT,FX,fx_capture_on_value,LAYER1,fx_page*8+3,internal,fx[LAYER1:fx_page*8+3].on_value,float,current opacity,,OFF|FX_OFF|FX_MID|FX_ON|FX_BYPASSED,"Paged slot; immediate opacity toggle, Shift bypass, Select capture current opacity."
PAD_S3_T2_CLIP_CONNECT,GRID_CLIP,note,77,1,,SESSION,clip_connect,LAYER5,bank*8+2,osc,/composition/layers/{L5}/clips/{bank*8+2}/connect,int,1,,OFF|L5_DIM|L5_FULL,
PAD_S3_T2_CLIP_SELECT,GRID_CLIP,note,77,1,SELECT,SESSION,clip_select,LAYER5,bank*8+2,osc,/composition/layers/{L5}/clips/{bank*8+2}/select,int,1,,OFF|L5_DIM|L5_FULL,
PAD_S3_T2_FX_OPACITY_TOGGLE,GRID_FX,note,77,1,,FX,fx_opacity_toggle,LAYER2,fx_page*8+3,ws,/parameter/by-id/{fx[LAYER2:fx_page*8+3].opacity_id},float,0.0<->on_value,,OFF|FX_OFF|FX_MID|FX_ON|FX_BYPASSED,"Paged slot; immediate opacity toggle, Shift bypass, Select capture current opacity."
PAD_S3_T2_FX_BYPASS_TOGGLE,GRID_FX,note,77,1,SHIFT,FX,fx_bypass_toggle,LAYER2,fx_page*8+3,ws,/parameter/by-id/{fx[LAYER2:fx_page*8+3].bypassed_id},bool_as_int,0|1,,OFF|FX_OFF|FX_MID|FX_ON|FX_BYPASSED,"Paged slot; immediate opacity toggle, Shift bypass, Select capture current opacity."
PAD_S3_T2_FX_CAPTURE_ON_VALUE,GRID_FX,note,77,1,SELECT,FX,fx_capture_on_value,LAYER2,fx_page*8+3,internal,fx[LAYER2:fx_page*8+3].on_value,float,current opacity,,OFF|FX_OFF|FX_MID|FX_ON|FX_BYPASSED,"Paged slot; immediate opacity toggle, Shift bypass, Select capture current opacity."
PAD_S3_T3_CLIP_CONNECT,GRID_CLIP,note,78,1,,SESSION,clip_connect,LAYER5,bank*8+3,osc,/composition/layers/{L5}/clips/{bank*8+3}/connect,int,1,,OFF|L5_DIM|L5_FULL,
PAD_S3_T3_CLIP_SELECT,GRID_CLIP,note,78,1,SELECT,SESSION,clip_select,LAYER5,bank*8+3,osc,/composition/layers/{L5}/clips/{bank*8+3}/select,int,1,,OFF|L5_DIM|L5_FULL,
PAD_S3_T3_FX_OPACITY_TOGGLE,GRID_FX,note,78,1,,FX,fx_opacity_toggle,LAYER3,fx_page*8+3,ws,/parameter/by-id/{fx[LAYER3:fx_page*8+3].opacity_id},float,0.0<->on_value,,OFF|FX_OFF|FX_MID|FX_ON|FX_BYPASSED,"Paged slot; immediate opacity toggle, Shift bypass, Select capture current opacity."
PAD_S3_T3_FX_BYPASS_TOGGLE,GRID_FX,note,78,1,SHIFT,FX,fx_bypass_toggle,LAYER3,fx_page*8+3,ws,/parameter/by-id/{fx[LAYER3:fx_page*8+3].bypassed_id},bool_as_int,0|1,,OFF|FX_OFF|FX_MID|FX_ON|FX_BYPASSED,"Paged slot; immediate opacity toggle, Shift bypass, Select capture current opacity."
PAD_S3_T3_FX_CAPTURE_ON_VALUE,GRID_FX,note,78,1,SELECT,FX,fx_capture_on_value,LAYER3,fx_page*8+3,internal,fx[LAYER3:fx_page*8+3].on_value,float,current opacity,,OFF|FX_OFF|FX_MID|FX_ON|FX_BYPASSED,"Paged slot; immediate opacity toggle, Shift bypass, Select capture current opacity."
PAD_S3_T4_CLIP_CONNECT,GRID_CLIP,note,79,1,,SESSION,clip_connect,LAYER5,bank*8+4,osc,/composition/layers/{L5}/clips/{bank*8+4}/connect,int,1,,OFF|L5_DIM|L5_FULL,
PAD_S3_T4_CLIP_SELECT,GRID_CLIP,note,79,1,SELECT,SESSION,clip_select,LAYER5,bank*8+4,osc,/composition/layers/{L5}/clips/{bank*8+4}/select,int,1,,OFF|L5_DIM|L5_FULL,
PAD_S3_T4_FX_OPACITY_TOGGLE,GRID_FX,note,79,1,,FX,fx_opacity_toggle,LAYER4,fx_page*8+3,ws,/parameter/by-id/{fx[LAYER4:fx_page*8+3].opacity_id},float,0.0<->on_value,,OFF|FX_OFF|FX_MID|FX_ON|FX_BYPASSED,"Paged slot; immediate opacity toggle, Shift bypass, Select capture current opacity."
PAD_S3_T4_FX_BYPASS_TOGGLE,GRID_FX,note,79,1,SHIFT,FX,fx_bypass_toggle,LAYER4,fx_page*8+3,ws,/parameter/by-id/{fx[LAYER4:fx_page*8+3].bypassed_id},bool_as_int,0|1,,OFF|FX_OFF|FX_MID|FX_ON|FX_BYPASSED,"Paged slot; immediate opacity toggle, Shift bypass, Select capture current opacity."
PAD_S3_T4_FX_CAPTURE_ON_VALUE,GRID_FX,note,79,1,SELECT,FX,fx_capture_on_value,LAYER4,fx_page*8+3,internal,fx[LAYER4:fx_page*8+3].on_value,float,current opacity,,OFF|FX_OFF|FX_MID|FX_ON|FX_BYPASSED,"Paged slot; immediate opacity toggle, Shift bypass, Select capture current opacity."
PAD_S3_T5_CLIP_CONNECT,GRID_CLIP,note,80,1,,SESSION,clip_connect,LAYER5,bank*8+5,osc,/composition/layers/{L5}/clips/{bank*8+5}/connect,int,1,,OFF|L5_DIM|L5_FULL,
PAD_S3_T5_CLIP_SELECT,GRID_CLIP,note,80,1,SELECT,SESSION,clip_select,LAYER5,bank*8+5,osc,/composition/layers/{L5}/clips/{bank*8+5}/select,int,1,,OFF|L5_DIM|L5_FULL,
PAD_S3_T5_FX_OPACITY_TOGGLE,GRID_FX,note,80,1,,FX,fx_opacity_toggle,LAYER5,fx_page*8+3,ws,/parameter/by-id/{fx[LAYER5:fx_page*8+3].opacity_id},float,0.0<->on_value,,OFF|FX_OFF|FX_MID|FX_ON|FX_BYPASSED,"Paged slot; immediate opacity toggle, Shift bypass, Select capture current opacity."
PAD_S3_T5_FX_BYPASS_TOGGLE,GRID_FX,note,80,1,SHIFT,FX,fx_bypass_toggle,LAYER5,fx_page*8+3,ws,/parameter/by-id/{fx[LAYER5:fx_page*8+3].bypassed_id},bool_as_int,0|1,,OFF|FX_OFF|FX_MID|FX_ON|FX_BYPASSED,"Paged slot; immediate opacity toggle, Shift bypass, Select capture current opacity."
PAD_S3_T5_FX_CAPTURE_ON_VALUE,GRID_FX,note,80,1,SELECT,FX,fx_capture_on_value,LAYER5,fx_page*8+3,internal,fx[LAYER5:fx_page*8+3].on_value,float,current opacity,,OFF|FX_OFF|FX_MID|FX_ON|FX_BYPASSED,"Paged slot; immediate opacity toggle, Shift bypass, Select capture current opacity."
PAD_S3_T6_CLIP_CONNECT,GRID_CLIP,note,81,1,,SESSION,clip_connect,LAYER5,bank*8+6,osc,/composition/layers/{L5}/clips/{bank*8+6}/connect,int,1,,OFF|L5_DIM|L5_FULL,
PAD_S3_T6_CLIP_SELECT,GRID_CLIP,note,81,1,SELECT,SESSION,clip_select,LAYER5,bank*8+6,osc,/composition/layers/{L5}/clips/{bank*8+6}/select,int,1,,OFF|L5_DIM|L5_FULL,
PAD_S3_T6_FX_OPACITY_TOGGLE,GRID_FX,note,81,1,,FX,fx_opacity_toggle,LAYER6,fx_page*8+3,ws,/parameter/by-id/{fx[LAYER6:fx_page*8+3].opacity_id},float,0.0<->on_value,,OFF|FX_OFF|FX_MID|FX_ON|FX_BYPASSED,"Paged slot; immediate opacity toggle, Shift bypass, Select capture current opacity."
PAD_S3_T6_FX_BYPASS_TOGGLE,GRID_FX,note,81,1,SHIFT,FX,fx_bypass_toggle,LAYER6,fx_page*8+3,ws,/parameter/by-id/{fx[LAYER6:fx_page*8+3].bypassed_id},bool_as_int,0|1,,OFF|FX_OFF|FX_MID|FX_ON|FX_BYPASSED,"Paged slot; immediate opacity toggle, Shift bypass, Select capture current opacity."
PAD_S3_T6_FX_CAPTURE_ON_VALUE,GRID_FX,note,81,1,SELECT,FX,fx_capture_on_value,LAYER6,fx_page*8+3,internal,fx[LAYER6:fx_page*8+3].on_value,float,current opacity,,OFF|FX_OFF|FX_MID|FX_ON|FX_BYPASSED,"Paged slot; immediate opacity toggle, Shift bypass, Select capture current opacity."
PAD_S3_T7_CLIP_CONNECT,GRID_CLIP,note,82,1,,SESSION,clip_connect,LAYER5,bank*8+7,osc,/composition/layers/{L5}/clips/{bank*8+7}/connect,int,1,,OFF|L5_DIM|L5_FULL,
PAD_S3_T7_CLIP_SELECT,GRID_CLIP,note,82,1,SELECT,SESSION,clip_select,LAYER5,bank*8+7,osc,/composition/layers/{L5}/clips/{bank*8+7}/select,int,1,,OFF|L5_DIM|L5_FULL,
PAD_S3_T7_FX_OPACITY_TOGGLE,GRID_FX,note,82,1,,FX,fx_opacity_toggle,LAYER7,fx_page*8+3,ws,/parameter/by-id/{fx[LAYER7:fx_page*8+3].opacity_id},float,0.0<->on_value,,OFF|FX_OFF|FX_MID|FX_ON|FX_BYPASSED,"Paged slot; immediate opacity toggle, Shift bypass, Select capture current opacity."
PAD_S3_T7_FX_BYPASS_TOGGLE,GRID_FX,note,82,1,SHIFT,FX,fx_bypass_toggle,LAYER7,fx_page*8+3,ws,/parameter/by-id/{fx[LAYER7:fx_page*8+3].bypassed_id},bool_as_int,0|1,,OFF|FX_OFF|FX_MID|FX_ON|FX_BYPASSED,"Paged slot; immediate opacity toggle, Shift bypass, Select capture current opacity."
PAD_S3_T7_FX_CAPTURE_ON_VALUE,GRID_FX,note,82,1,SELECT,FX,fx_capture_on_value,LAYER7,fx_page*8+3,internal,fx[LAYER7:fx_page*8+3].on_value,float,current opacity,,OFF|FX_OFF|FX_MID|FX_ON|FX_BYPASSED,"Paged slot; immediate opacity toggle, Shift bypass, Select capture current opacity."
PAD_S3_T8_CLIP_CONNECT,GRID_CLIP,note,83,1,,SESSION,clip_connect,LAYER5,bank*8+8,osc,/composition/layers/{L5}/clips/{bank*8+8}/connect,int,1,,OFF|L5_DIM|L5_FULL,
PAD_S3_T8_CLIP_SELECT,GRID_CLIP,note,83,1,SELECT,SESSION,clip_select,LAYER5,bank*8+8,osc,/composition/layers/{L5}/clips/{bank*8+8}/select,int,1,,OFF|L5_DIM|L5_FULL,
PAD_S3_T8_FX_OPACITY_TOGGLE,GRID_FX,note,83,1,,FX,fx_opacity_toggle,COMPOSITION,fx_page*8+3,ws,/parameter/by-id/{fx[COMPOSITION:fx_page*8+3].opacity_id},float,0.0<->on_value,,OFF|FX_OFF|FX_MID|FX_ON|FX_BYPASSED,"Paged slot; immediate opacity toggle, Shift bypass, Select capture current opacity."
PAD_S3_T8_FX_BYPASS_TOGGLE,GRID_FX,note,83,1,SHIFT,FX,fx_bypass_toggle,COMPOSITION,fx_page*8+3,ws,/parameter/by-id/{fx[COMPOSITION:fx_page*8+3].bypassed_id},bool_as_int,0|1,,OFF|FX_OFF|FX_MID|FX_ON|FX_BYPASSED,"Paged slot; immediate opacity toggle, Shift bypass, Select capture current opacity."
PAD_S3_T8_FX_CAPTURE_ON_VALUE,GRID_FX,note,83,1,SELECT,FX,fx_capture_on_value,COMPOSITION,fx_page*8+3,internal,fx[COMPOSITION:fx_page*8+3].on_value,float,current opacity,,OFF|FX_OFF|FX_MID|FX_ON|FX_BYPASSED,"Paged slot; immediate opacity toggle, Shift bypass, Select capture current opacity."
PAD_S4_T1_CLIP_CONNECT,GRID_CLIP,note,68,1,,SESSION,clip_connect,LAYER4,bank*8+1,osc,/composition/layers/{L4}/clips/{bank*8+1}/connect,int,1,,OFF|L4_DIM|L4_FULL,
PAD_S4_T1_CLIP_SELECT,GRID_CLIP,note,68,1,SELECT,SESSION,clip_select,LAYER4,bank*8+1,osc,/composition/layers/{L4}/clips/{bank*8+1}/select,int,1,,OFF|L4_DIM|L4_FULL,
PAD_S4_T1_FX_OPACITY_TOGGLE,GRID_FX,note,68,1,,FX,fx_opacity_toggle,LAYER1,fx_page*8+4,ws,/parameter/by-id/{fx[LAYER1:fx_page*8+4].opacity_id},float,0.0<->on_value,,OFF|FX_OFF|FX_MID|FX_ON|FX_BYPASSED,"Paged slot; immediate opacity toggle, Shift bypass, Select capture current opacity."
PAD_S4_T1_FX_BYPASS_TOGGLE,GRID_FX,note,68,1,SHIFT,FX,fx_bypass_toggle,LAYER1,fx_page*8+4,ws,/parameter/by-id/{fx[LAYER1:fx_page*8+4].bypassed_id},bool_as_int,0|1,,OFF|FX_OFF|FX_MID|FX_ON|FX_BYPASSED,"Paged slot; immediate opacity toggle, Shift bypass, Select capture current opacity."
PAD_S4_T1_FX_CAPTURE_ON_VALUE,GRID_FX,note,68,1,SELECT,FX,fx_capture_on_value,LAYER1,fx_page*8+4,internal,fx[LAYER1:fx_page*8+4].on_value,float,current opacity,,OFF|FX_OFF|FX_MID|FX_ON|FX_BYPASSED,"Paged slot; immediate opacity toggle, Shift bypass, Select capture current opacity."
PAD_S4_T2_CLIP_CONNECT,GRID_CLIP,note,69,1,,SESSION,clip_connect,LAYER4,bank*8+2,osc,/composition/layers/{L4}/clips/{bank*8+2}/connect,int,1,,OFF|L4_DIM|L4_FULL,
PAD_S4_T2_CLIP_SELECT,GRID_CLIP,note,69,1,SELECT,SESSION,clip_select,LAYER4,bank*8+2,osc,/composition/layers/{L4}/clips/{bank*8+2}/select,int,1,,OFF|L4_DIM|L4_FULL,
PAD_S4_T2_FX_OPACITY_TOGGLE,GRID_FX,note,69,1,,FX,fx_opacity_toggle,LAYER2,fx_page*8+4,ws,/parameter/by-id/{fx[LAYER2:fx_page*8+4].opacity_id},float,0.0<->on_value,,OFF|FX_OFF|FX_MID|FX_ON|FX_BYPASSED,"Paged slot; immediate opacity toggle, Shift bypass, Select capture current opacity."
PAD_S4_T2_FX_BYPASS_TOGGLE,GRID_FX,note,69,1,SHIFT,FX,fx_bypass_toggle,LAYER2,fx_page*8+4,ws,/parameter/by-id/{fx[LAYER2:fx_page*8+4].bypassed_id},bool_as_int,0|1,,OFF|FX_OFF|FX_MID|FX_ON|FX_BYPASSED,"Paged slot; immediate opacity toggle, Shift bypass, Select capture current opacity."
PAD_S4_T2_FX_CAPTURE_ON_VALUE,GRID_FX,note,69,1,SELECT,FX,fx_capture_on_value,LAYER2,fx_page*8+4,internal,fx[LAYER2:fx_page*8+4].on_value,float,current opacity,,OFF|FX_OFF|FX_MID|FX_ON|FX_BYPASSED,"Paged slot; immediate opacity toggle, Shift bypass, Select capture current opacity."
PAD_S4_T3_CLIP_CONNECT,GRID_CLIP,note,70,1,,SESSION,clip_connect,LAYER4,bank*8+3,osc,/composition/layers/{L4}/clips/{bank*8+3}/connect,int,1,,OFF|L4_DIM|L4_FULL,
PAD_S4_T3_CLIP_SELECT,GRID_CLIP,note,70,1,SELECT,SESSION,clip_select,LAYER4,bank*8+3,osc,/composition/layers/{L4}/clips/{bank*8+3}/select,int,1,,OFF|L4_DIM|L4_FULL,
PAD_S4_T3_FX_OPACITY_TOGGLE,GRID_FX,note,70,1,,FX,fx_opacity_toggle,LAYER3,fx_page*8+4,ws,/parameter/by-id/{fx[LAYER3:fx_page*8+4].opacity_id},float,0.0<->on_value,,OFF|FX_OFF|FX_MID|FX_ON|FX_BYPASSED,"Paged slot; immediate opacity toggle, Shift bypass, Select capture current opacity."
PAD_S4_T3_FX_BYPASS_TOGGLE,GRID_FX,note,70,1,SHIFT,FX,fx_bypass_toggle,LAYER3,fx_page*8+4,ws,/parameter/by-id/{fx[LAYER3:fx_page*8+4].bypassed_id},bool_as_int,0|1,,OFF|FX_OFF|FX_MID|FX_ON|FX_BYPASSED,"Paged slot; immediate opacity toggle, Shift bypass, Select capture current opacity."
PAD_S4_T3_FX_CAPTURE_ON_VALUE,GRID_FX,note,70,1,SELECT,FX,fx_capture_on_value,LAYER3,fx_page*8+4,internal,fx[LAYER3:fx_page*8+4].on_value,float,current opacity,,OFF|FX_OFF|FX_MID|FX_ON|FX_BYPASSED,"Paged slot; immediate opacity toggle, Shift bypass, Select capture current opacity."
PAD_S4_T4_CLIP_CONNECT,GRID_CLIP,note,71,1,,SESSION,clip_connect,LAYER4,bank*8+4,osc,/composition/layers/{L4}/clips/{bank*8+4}/connect,int,1,,OFF|L4_DIM|L4_FULL,
PAD_S4_T4_CLIP_SELECT,GRID_CLIP,note,71,1,SELECT,SESSION,clip_select,LAYER4,bank*8+4,osc,/composition/layers/{L4}/clips/{bank*8+4}/select,int,1,,OFF|L4_DIM|L4_FULL,
PAD_S4_T4_FX_OPACITY_TOGGLE,GRID_FX,note,71,1,,FX,fx_opacity_toggle,LAYER4,fx_page*8+4,ws,/parameter/by-id/{fx[LAYER4:fx_page*8+4].opacity_id},float,0.0<->on_value,,OFF|FX_OFF|FX_MID|FX_ON|FX_BYPASSED,"Paged slot; immediate opacity toggle, Shift bypass, Select capture current opacity."
PAD_S4_T4_FX_BYPASS_TOGGLE,GRID_FX,note,71,1,SHIFT,FX,fx_bypass_toggle,LAYER4,fx_page*8+4,ws,/parameter/by-id/{fx[LAYER4:fx_page*8+4].bypassed_id},bool_as_int,0|1,,OFF|FX_OFF|FX_MID|FX_ON|FX_BYPASSED,"Paged slot; immediate opacity toggle, Shift bypass, Select capture current opacity."
PAD_S4_T4_FX_CAPTURE_ON_VALUE,GRID_FX,note,71,1,SELECT,FX,fx_capture_on_value,LAYER4,fx_page*8+4,internal,fx[LAYER4:fx_page*8+4].on_value,float,current opacity,,OFF|FX_OFF|FX_MID|FX_ON|FX_BYPASSED,"Paged slot; immediate opacity toggle, Shift bypass, Select capture current opacity."
PAD_S4_T5_CLIP_CONNECT,GRID_CLIP,note,72,1,,SESSION,clip_connect,LAYER4,bank*8+5,osc,/composition/layers/{L4}/clips/{bank*8+5}/connect,int,1,,OFF|L4_DIM|L4_FULL,
PAD_S4_T5_CLIP_SELECT,GRID_CLIP,note,72,1,SELECT,SESSION,clip_select,LAYER4,bank*8+5,osc,/composition/layers/{L4}/clips/{bank*8+5}/select,int,1,,OFF|L4_DIM|L4_FULL,
PAD_S4_T5_FX_OPACITY_TOGGLE,GRID_FX,note,72,1,,FX,fx_opacity_toggle,LAYER5,fx_page*8+4,ws,/parameter/by-id/{fx[LAYER5:fx_page*8+4].opacity_id},float,0.0<->on_value,,OFF|FX_OFF|FX_MID|FX_ON|FX_BYPASSED,"Paged slot; immediate opacity toggle, Shift bypass, Select capture current opacity."
PAD_S4_T5_FX_BYPASS_TOGGLE,GRID_FX,note,72,1,SHIFT,FX,fx_bypass_toggle,LAYER5,fx_page*8+4,ws,/parameter/by-id/{fx[LAYER5:fx_page*8+4].bypassed_id},bool_as_int,0|1,,OFF|FX_OFF|FX_MID|FX_ON|FX_BYPASSED,"Paged slot; immediate opacity toggle, Shift bypass, Select capture current opacity."
PAD_S4_T5_FX_CAPTURE_ON_VALUE,GRID_FX,note,72,1,SELECT,FX,fx_capture_on_value,LAYER5,fx_page*8+4,internal,fx[LAYER5:fx_page*8+4].on_value,float,current opacity,,OFF|FX_OFF|FX_MID|FX_ON|FX_BYPASSED,"Paged slot; immediate opacity toggle, Shift bypass, Select capture current opacity."
PAD_S4_T6_CLIP_CONNECT,GRID_CLIP,note,73,1,,SESSION,clip_connect,LAYER4,bank*8+6,osc,/composition/layers/{L4}/clips/{bank*8+6}/connect,int,1,,OFF|L4_DIM|L4_FULL,
PAD_S4_T6_CLIP_SELECT,GRID_CLIP,note,73,1,SELECT,SESSION,clip_select,LAYER4,bank*8+6,osc,/composition/layers/{L4}/clips/{bank*8+6}/select,int,1,,OFF|L4_DIM|L4_FULL,
PAD_S4_T6_FX_OPACITY_TOGGLE,GRID_FX,note,73,1,,FX,fx_opacity_toggle,LAYER6,fx_page*8+4,ws,/parameter/by-id/{fx[LAYER6:fx_page*8+4].opacity_id},float,0.0<->on_value,,OFF|FX_OFF|FX_MID|FX_ON|FX_BYPASSED,"Paged slot; immediate opacity toggle, Shift bypass, Select capture current opacity."
PAD_S4_T6_FX_BYPASS_TOGGLE,GRID_FX,note,73,1,SHIFT,FX,fx_bypass_toggle,LAYER6,fx_page*8+4,ws,/parameter/by-id/{fx[LAYER6:fx_page*8+4].bypassed_id},bool_as_int,0|1,,OFF|FX_OFF|FX_MID|FX_ON|FX_BYPASSED,"Paged slot; immediate opacity toggle, Shift bypass, Select capture current opacity."
PAD_S4_T6_FX_CAPTURE_ON_VALUE,GRID_FX,note,73,1,SELECT,FX,fx_capture_on_value,LAYER6,fx_page*8+4,internal,fx[LAYER6:fx_page*8+4].on_value,float,current opacity,,OFF|FX_OFF|FX_MID|FX_ON|FX_BYPASSED,"Paged slot; immediate opacity toggle, Shift bypass, Select capture current opacity."
PAD_S4_T7_CLIP_CONNECT,GRID_CLIP,note,74,1,,SESSION,clip_connect,LAYER4,bank*8+7,osc,/composition/layers/{L4}/clips/{bank*8+7}/connect,int,1,,OFF|L4_DIM|L4_FULL,
PAD_S4_T7_CLIP_SELECT,GRID_CLIP,note,74,1,SELECT,SESSION,clip_select,LAYER4,bank*8+7,osc,/composition/layers/{L4}/clips/{bank*8+7}/select,int,1,,OFF|L4_DIM|L4_FULL,
PAD_S4_T7_FX_OPACITY_TOGGLE,GRID_FX,note,74,1,,FX,fx_opacity_toggle,LAYER7,fx_page*8+4,ws,/parameter/by-id/{fx[LAYER7:fx_page*8+4].opacity_id},float,0.0<->on_value,,OFF|FX_OFF|FX_MID|FX_ON|FX_BYPASSED,"Paged slot; immediate opacity toggle, Shift bypass, Select capture current opacity."
PAD_S4_T7_FX_BYPASS_TOGGLE,GRID_FX,note,74,1,SHIFT,FX,fx_bypass_toggle,LAYER7,fx_page*8+4,ws,/parameter/by-id/{fx[LAYER7:fx_page*8+4].bypassed_id},bool_as_int,0|1,,OFF|FX_OFF|FX_MID|FX_ON|FX_BYPASSED,"Paged slot; immediate opacity toggle, Shift bypass, Select capture current opacity."
PAD_S4_T7_FX_CAPTURE_ON_VALUE,GRID_FX,note,74,1,SELECT,FX,fx_capture_on_value,LAYER7,fx_page*8+4,internal,fx[LAYER7:fx_page*8+4].on_value,float,current opacity,,OFF|FX_OFF|FX_MID|FX_ON|FX_BYPASSED,"Paged slot; immediate opacity toggle, Shift bypass, Select capture current opacity."
PAD_S4_T8_CLIP_CONNECT,GRID_CLIP,note,75,1,,SESSION,clip_connect,LAYER4,bank*8+8,osc,/composition/layers/{L4}/clips/{bank*8+8}/connect,int,1,,OFF|L4_DIM|L4_FULL,
PAD_S4_T8_CLIP_SELECT,GRID_CLIP,note,75,1,SELECT,SESSION,clip_select,LAYER4,bank*8+8,osc,/composition/layers/{L4}/clips/{bank*8+8}/select,int,1,,OFF|L4_DIM|L4_FULL,
PAD_S4_T8_FX_OPACITY_TOGGLE,GRID_FX,note,75,1,,FX,fx_opacity_toggle,COMPOSITION,fx_page*8+4,ws,/parameter/by-id/{fx[COMPOSITION:fx_page*8+4].opacity_id},float,0.0<->on_value,,OFF|FX_OFF|FX_MID|FX_ON|FX_BYPASSED,"Paged slot; immediate opacity toggle, Shift bypass, Select capture current opacity."
PAD_S4_T8_FX_BYPASS_TOGGLE,GRID_FX,note,75,1,SHIFT,FX,fx_bypass_toggle,COMPOSITION,fx_page*8+4,ws,/parameter/by-id/{fx[COMPOSITION:fx_page*8+4].bypassed_id},bool_as_int,0|1,,OFF|FX_OFF|FX_MID|FX_ON|FX_BYPASSED,"Paged slot; immediate opacity toggle, Shift bypass, Select capture current opacity."
PAD_S4_T8_FX_CAPTURE_ON_VALUE,GRID_FX,note,75,1,SELECT,FX,fx_capture_on_value,COMPOSITION,fx_page*8+4,internal,fx[COMPOSITION:fx_page*8+4].on_value,float,current opacity,,OFF|FX_OFF|FX_MID|FX_ON|FX_BYPASSED,"Paged slot; immediate opacity toggle, Shift bypass, Select capture current opacity."
PAD_S5_T1_CLIP_CONNECT,GRID_CLIP,note,60,1,,SESSION,clip_connect,LAYER3,bank*8+1,osc,/composition/layers/{L3}/clips/{bank*8+1}/connect,int,1,,OFF|L3_DIM|L3_FULL,
PAD_S5_T1_CLIP_SELECT,GRID_CLIP,note,60,1,SELECT,SESSION,clip_select,LAYER3,bank*8+1,osc,/composition/layers/{L3}/clips/{bank*8+1}/select,int,1,,OFF|L3_DIM|L3_FULL,
PAD_S5_T1_FX_OPACITY_TOGGLE,GRID_FX,note,60,1,,FX,fx_opacity_toggle,LAYER1,fx_page*8+5,ws,/parameter/by-id/{fx[LAYER1:fx_page*8+5].opacity_id},float,0.0<->on_value,,OFF|FX_OFF|FX_MID|FX_ON|FX_BYPASSED,"Paged slot; immediate opacity toggle, Shift bypass, Select capture current opacity."
PAD_S5_T1_FX_BYPASS_TOGGLE,GRID_FX,note,60,1,SHIFT,FX,fx_bypass_toggle,LAYER1,fx_page*8+5,ws,/parameter/by-id/{fx[LAYER1:fx_page*8+5].bypassed_id},bool_as_int,0|1,,OFF|FX_OFF|FX_MID|FX_ON|FX_BYPASSED,"Paged slot; immediate opacity toggle, Shift bypass, Select capture current opacity."
PAD_S5_T1_FX_CAPTURE_ON_VALUE,GRID_FX,note,60,1,SELECT,FX,fx_capture_on_value,LAYER1,fx_page*8+5,internal,fx[LAYER1:fx_page*8+5].on_value,float,current opacity,,OFF|FX_OFF|FX_MID|FX_ON|FX_BYPASSED,"Paged slot; immediate opacity toggle, Shift bypass, Select capture current opacity."
PAD_S5_T2_CLIP_CONNECT,GRID_CLIP,note,61,1,,SESSION,clip_connect,LAYER3,bank*8+2,osc,/composition/layers/{L3}/clips/{bank*8+2}/connect,int,1,,OFF|L3_DIM|L3_FULL,
PAD_S5_T2_CLIP_SELECT,GRID_CLIP,note,61,1,SELECT,SESSION,clip_select,LAYER3,bank*8+2,osc,/composition/layers/{L3}/clips/{bank*8+2}/select,int,1,,OFF|L3_DIM|L3_FULL,
PAD_S5_T2_FX_OPACITY_TOGGLE,GRID_FX,note,61,1,,FX,fx_opacity_toggle,LAYER2,fx_page*8+5,ws,/parameter/by-id/{fx[LAYER2:fx_page*8+5].opacity_id},float,0.0<->on_value,,OFF|FX_OFF|FX_MID|FX_ON|FX_BYPASSED,"Paged slot; immediate opacity toggle, Shift bypass, Select capture current opacity."
PAD_S5_T2_FX_BYPASS_TOGGLE,GRID_FX,note,61,1,SHIFT,FX,fx_bypass_toggle,LAYER2,fx_page*8+5,ws,/parameter/by-id/{fx[LAYER2:fx_page*8+5].bypassed_id},bool_as_int,0|1,,OFF|FX_OFF|FX_MID|FX_ON|FX_BYPASSED,"Paged slot; immediate opacity toggle, Shift bypass, Select capture current opacity."
PAD_S5_T2_FX_CAPTURE_ON_VALUE,GRID_FX,note,61,1,SELECT,FX,fx_capture_on_value,LAYER2,fx_page*8+5,internal,fx[LAYER2:fx_page*8+5].on_value,float,current opacity,,OFF|FX_OFF|FX_MID|FX_ON|FX_BYPASSED,"Paged slot; immediate opacity toggle, Shift bypass, Select capture current opacity."
PAD_S5_T3_CLIP_CONNECT,GRID_CLIP,note,62,1,,SESSION,clip_connect,LAYER3,bank*8+3,osc,/composition/layers/{L3}/clips/{bank*8+3}/connect,int,1,,OFF|L3_DIM|L3_FULL,
PAD_S5_T3_CLIP_SELECT,GRID_CLIP,note,62,1,SELECT,SESSION,clip_select,LAYER3,bank*8+3,osc,/composition/layers/{L3}/clips/{bank*8+3}/select,int,1,,OFF|L3_DIM|L3_FULL,
PAD_S5_T3_FX_OPACITY_TOGGLE,GRID_FX,note,62,1,,FX,fx_opacity_toggle,LAYER3,fx_page*8+5,ws,/parameter/by-id/{fx[LAYER3:fx_page*8+5].opacity_id},float,0.0<->on_value,,OFF|FX_OFF|FX_MID|FX_ON|FX_BYPASSED,"Paged slot; immediate opacity toggle, Shift bypass, Select capture current opacity."
PAD_S5_T3_FX_BYPASS_TOGGLE,GRID_FX,note,62,1,SHIFT,FX,fx_bypass_toggle,LAYER3,fx_page*8+5,ws,/parameter/by-id/{fx[LAYER3:fx_page*8+5].bypassed_id},bool_as_int,0|1,,OFF|FX_OFF|FX_MID|FX_ON|FX_BYPASSED,"Paged slot; immediate opacity toggle, Shift bypass, Select capture current opacity."
PAD_S5_T3_FX_CAPTURE_ON_VALUE,GRID_FX,note,62,1,SELECT,FX,fx_capture_on_value,LAYER3,fx_page*8+5,internal,fx[LAYER3:fx_page*8+5].on_value,float,current opacity,,OFF|FX_OFF|FX_MID|FX_ON|FX_BYPASSED,"Paged slot; immediate opacity toggle, Shift bypass, Select capture current opacity."
PAD_S5_T4_CLIP_CONNECT,GRID_CLIP,note,63,1,,SESSION,clip_connect,LAYER3,bank*8+4,osc,/composition/layers/{L3}/clips/{bank*8+4}/connect,int,1,,OFF|L3_DIM|L3_FULL,
PAD_S5_T4_CLIP_SELECT,GRID_CLIP,note,63,1,SELECT,SESSION,clip_select,LAYER3,bank*8+4,osc,/composition/layers/{L3}/clips/{bank*8+4}/select,int,1,,OFF|L3_DIM|L3_FULL,
PAD_S5_T4_FX_OPACITY_TOGGLE,GRID_FX,note,63,1,,FX,fx_opacity_toggle,LAYER4,fx_page*8+5,ws,/parameter/by-id/{fx[LAYER4:fx_page*8+5].opacity_id},float,0.0<->on_value,,OFF|FX_OFF|FX_MID|FX_ON|FX_BYPASSED,"Paged slot; immediate opacity toggle, Shift bypass, Select capture current opacity."
PAD_S5_T4_FX_BYPASS_TOGGLE,GRID_FX,note,63,1,SHIFT,FX,fx_bypass_toggle,LAYER4,fx_page*8+5,ws,/parameter/by-id/{fx[LAYER4:fx_page*8+5].bypassed_id},bool_as_int,0|1,,OFF|FX_OFF|FX_MID|FX_ON|FX_BYPASSED,"Paged slot; immediate opacity toggle, Shift bypass, Select capture current opacity."
PAD_S5_T4_FX_CAPTURE_ON_VALUE,GRID_FX,note,63,1,SELECT,FX,fx_capture_on_value,LAYER4,fx_page*8+5,internal,fx[LAYER4:fx_page*8+5].on_value,float,current opacity,,OFF|FX_OFF|FX_MID|FX_ON|FX_BYPASSED,"Paged slot; immediate opacity toggle, Shift bypass, Select capture current opacity."
PAD_S5_T5_CLIP_CONNECT,GRID_CLIP,note,64,1,,SESSION,clip_connect,LAYER3,bank*8+5,osc,/composition/layers/{L3}/clips/{bank*8+5}/connect,int,1,,OFF|L3_DIM|L3_FULL,
PAD_S5_T5_CLIP_SELECT,GRID_CLIP,note,64,1,SELECT,SESSION,clip_select,LAYER3,bank*8+5,osc,/composition/layers/{L3}/clips/{bank*8+5}/select,int,1,,OFF|L3_DIM|L3_FULL,
PAD_S5_T5_FX_OPACITY_TOGGLE,GRID_FX,note,64,1,,FX,fx_opacity_toggle,LAYER5,fx_page*8+5,ws,/parameter/by-id/{fx[LAYER5:fx_page*8+5].opacity_id},float,0.0<->on_value,,OFF|FX_OFF|FX_MID|FX_ON|FX_BYPASSED,"Paged slot; immediate opacity toggle, Shift bypass, Select capture current opacity."
PAD_S5_T5_FX_BYPASS_TOGGLE,GRID_FX,note,64,1,SHIFT,FX,fx_bypass_toggle,LAYER5,fx_page*8+5,ws,/parameter/by-id/{fx[LAYER5:fx_page*8+5].bypassed_id},bool_as_int,0|1,,OFF|FX_OFF|FX_MID|FX_ON|FX_BYPASSED,"Paged slot; immediate opacity toggle, Shift bypass, Select capture current opacity."
PAD_S5_T5_FX_CAPTURE_ON_VALUE,GRID_FX,note,64,1,SELECT,FX,fx_capture_on_value,LAYER5,fx_page*8+5,internal,fx[LAYER5:fx_page*8+5].on_value,float,current opacity,,OFF|FX_OFF|FX_MID|FX_ON|FX_BYPASSED,"Paged slot; immediate opacity toggle, Shift bypass, Select capture current opacity."
PAD_S5_T6_CLIP_CONNECT,GRID_CLIP,note,65,1,,SESSION,clip_connect,LAYER3,bank*8+6,osc,/composition/layers/{L3}/clips/{bank*8+6}/connect,int,1,,OFF|L3_DIM|L3_FULL,
PAD_S5_T6_CLIP_SELECT,GRID_CLIP,note,65,1,SELECT,SESSION,clip_select,LAYER3,bank*8+6,osc,/composition/layers/{L3}/clips/{bank*8+6}/select,int,1,,OFF|L3_DIM|L3_FULL,
PAD_S5_T6_FX_OPACITY_TOGGLE,GRID_FX,note,65,1,,FX,fx_opacity_toggle,LAYER6,fx_page*8+5,ws,/parameter/by-id/{fx[LAYER6:fx_page*8+5].opacity_id},float,0.0<->on_value,,OFF|FX_OFF|FX_MID|FX_ON|FX_BYPASSED,"Paged slot; immediate opacity toggle, Shift bypass, Select capture current opacity."
PAD_S5_T6_FX_BYPASS_TOGGLE,GRID_FX,note,65,1,SHIFT,FX,fx_bypass_toggle,LAYER6,fx_page*8+5,ws,/parameter/by-id/{fx[LAYER6:fx_page*8+5].bypassed_id},bool_as_int,0|1,,OFF|FX_OFF|FX_MID|FX_ON|FX_BYPASSED,"Paged slot; immediate opacity toggle, Shift bypass, Select capture current opacity."
PAD_S5_T6_FX_CAPTURE_ON_VALUE,GRID_FX,note,65,1,SELECT,FX,fx_capture_on_value,LAYER6,fx_page*8+5,internal,fx[LAYER6:fx_page*8+5].on_value,float,current opacity,,OFF|FX_OFF|FX_MID|FX_ON|FX_BYPASSED,"Paged slot; immediate opacity toggle, Shift bypass, Select capture current opacity."
PAD_S5_T7_CLIP_CONNECT,GRID_CLIP,note,66,1,,SESSION,clip_connect,LAYER3,bank*8+7,osc,/composition/layers/{L3}/clips/{bank*8+7}/connect,int,1,,OFF|L3_DIM|L3_FULL,
PAD_S5_T7_CLIP_SELECT,GRID_CLIP,note,66,1,SELECT,SESSION,clip_select,LAYER3,bank*8+7,osc,/composition/layers/{L3}/clips/{bank*8+7}/select,int,1,,OFF|L3_DIM|L3_FULL,
PAD_S5_T7_FX_OPACITY_TOGGLE,GRID_FX,note,66,1,,FX,fx_opacity_toggle,LAYER7,fx_page*8+5,ws,/parameter/by-id/{fx[LAYER7:fx_page*8+5].opacity_id},float,0.0<->on_value,,OFF|FX_OFF|FX_MID|FX_ON|FX_BYPASSED,"Paged slot; immediate opacity toggle, Shift bypass, Select capture current opacity."
PAD_S5_T7_FX_BYPASS_TOGGLE,GRID_FX,note,66,1,SHIFT,FX,fx_bypass_toggle,LAYER7,fx_page*8+5,ws,/parameter/by-id/{fx[LAYER7:fx_page*8+5].bypassed_id},bool_as_int,0|1,,OFF|FX_OFF|FX_MID|FX_ON|FX_BYPASSED,"Paged slot; immediate opacity toggle, Shift bypass, Select capture current opacity."
PAD_S5_T7_FX_CAPTURE_ON_VALUE,GRID_FX,note,66,1,SELECT,FX,fx_capture_on_value,LAYER7,fx_page*8+5,internal,fx[LAYER7:fx_page*8+5].on_value,float,current opacity,,OFF|FX_OFF|FX_MID|FX_ON|FX_BYPASSED,"Paged slot; immediate opacity toggle, Shift bypass, Select capture current opacity."
PAD_S5_T8_CLIP_CONNECT,GRID_CLIP,note,67,1,,SESSION,clip_connect,LAYER3,bank*8+8,osc,/composition/layers/{L3}/clips/{bank*8+8}/connect,int,1,,OFF|L3_DIM|L3_FULL,
PAD_S5_T8_CLIP_SELECT,GRID_CLIP,note,67,1,SELECT,SESSION,clip_select,LAYER3,bank*8+8,osc,/composition/layers/{L3}/clips/{bank*8+8}/select,int,1,,OFF|L3_DIM|L3_FULL,
PAD_S5_T8_FX_OPACITY_TOGGLE,GRID_FX,note,67,1,,FX,fx_opacity_toggle,COMPOSITION,fx_page*8+5,ws,/parameter/by-id/{fx[COMPOSITION:fx_page*8+5].opacity_id},float,0.0<->on_value,,OFF|FX_OFF|FX_MID|FX_ON|FX_BYPASSED,"Paged slot; immediate opacity toggle, Shift bypass, Select capture current opacity."
PAD_S5_T8_FX_BYPASS_TOGGLE,GRID_FX,note,67,1,SHIFT,FX,fx_bypass_toggle,COMPOSITION,fx_page*8+5,ws,/parameter/by-id/{fx[COMPOSITION:fx_page*8+5].bypassed_id},bool_as_int,0|1,,OFF|FX_OFF|FX_MID|FX_ON|FX_BYPASSED,"Paged slot; immediate opacity toggle, Shift bypass, Select capture current opacity."
PAD_S5_T8_FX_CAPTURE_ON_VALUE,GRID_FX,note,67,1,SELECT,FX,fx_capture_on_value,COMPOSITION,fx_page*8+5,internal,fx[COMPOSITION:fx_page*8+5].on_value,float,current opacity,,OFF|FX_OFF|FX_MID|FX_ON|FX_BYPASSED,"Paged slot; immediate opacity toggle, Shift bypass, Select capture current opacity."
PAD_S6_T1_CLIP_CONNECT,GRID_CLIP,note,52,1,,SESSION,clip_connect,LAYER2,bank*8+1,osc,/composition/layers/{L2}/clips/{bank*8+1}/connect,int,1,,OFF|L2_DIM|L2_FULL,
PAD_S6_T1_CLIP_SELECT,GRID_CLIP,note,52,1,SELECT,SESSION,clip_select,LAYER2,bank*8+1,osc,/composition/layers/{L2}/clips/{bank*8+1}/select,int,1,,OFF|L2_DIM|L2_FULL,
PAD_S6_T1_FX_OPACITY_TOGGLE,GRID_FX,note,52,1,,FX,fx_opacity_toggle,LAYER1,fx_page*8+6,ws,/parameter/by-id/{fx[LAYER1:fx_page*8+6].opacity_id},float,0.0<->on_value,,OFF|FX_OFF|FX_MID|FX_ON|FX_BYPASSED,"Paged slot; immediate opacity toggle, Shift bypass, Select capture current opacity."
PAD_S6_T1_FX_BYPASS_TOGGLE,GRID_FX,note,52,1,SHIFT,FX,fx_bypass_toggle,LAYER1,fx_page*8+6,ws,/parameter/by-id/{fx[LAYER1:fx_page*8+6].bypassed_id},bool_as_int,0|1,,OFF|FX_OFF|FX_MID|FX_ON|FX_BYPASSED,"Paged slot; immediate opacity toggle, Shift bypass, Select capture current opacity."
PAD_S6_T1_FX_CAPTURE_ON_VALUE,GRID_FX,note,52,1,SELECT,FX,fx_capture_on_value,LAYER1,fx_page*8+6,internal,fx[LAYER1:fx_page*8+6].on_value,float,current opacity,,OFF|FX_OFF|FX_MID|FX_ON|FX_BYPASSED,"Paged slot; immediate opacity toggle, Shift bypass, Select capture current opacity."
PAD_S6_T2_CLIP_CONNECT,GRID_CLIP,note,53,1,,SESSION,clip_connect,LAYER2,bank*8+2,osc,/composition/layers/{L2}/clips/{bank*8+2}/connect,int,1,,OFF|L2_DIM|L2_FULL,
PAD_S6_T2_CLIP_SELECT,GRID_CLIP,note,53,1,SELECT,SESSION,clip_select,LAYER2,bank*8+2,osc,/composition/layers/{L2}/clips/{bank*8+2}/select,int,1,,OFF|L2_DIM|L2_FULL,
PAD_S6_T2_FX_OPACITY_TOGGLE,GRID_FX,note,53,1,,FX,fx_opacity_toggle,LAYER2,fx_page*8+6,ws,/parameter/by-id/{fx[LAYER2:fx_page*8+6].opacity_id},float,0.0<->on_value,,OFF|FX_OFF|FX_MID|FX_ON|FX_BYPASSED,"Paged slot; immediate opacity toggle, Shift bypass, Select capture current opacity."
PAD_S6_T2_FX_BYPASS_TOGGLE,GRID_FX,note,53,1,SHIFT,FX,fx_bypass_toggle,LAYER2,fx_page*8+6,ws,/parameter/by-id/{fx[LAYER2:fx_page*8+6].bypassed_id},bool_as_int,0|1,,OFF|FX_OFF|FX_MID|FX_ON|FX_BYPASSED,"Paged slot; immediate opacity toggle, Shift bypass, Select capture current opacity."
PAD_S6_T2_FX_CAPTURE_ON_VALUE,GRID_FX,note,53,1,SELECT,FX,fx_capture_on_value,LAYER2,fx_page*8+6,internal,fx[LAYER2:fx_page*8+6].on_value,float,current opacity,,OFF|FX_OFF|FX_MID|FX_ON|FX_BYPASSED,"Paged slot; immediate opacity toggle, Shift bypass, Select capture current opacity."
PAD_S6_T3_CLIP_CONNECT,GRID_CLIP,note,54,1,,SESSION,clip_connect,LAYER2,bank*8+3,osc,/composition/layers/{L2}/clips/{bank*8+3}/connect,int,1,,OFF|L2_DIM|L2_FULL,
PAD_S6_T3_CLIP_SELECT,GRID_CLIP,note,54,1,SELECT,SESSION,clip_select,LAYER2,bank*8+3,osc,/composition/layers/{L2}/clips/{bank*8+3}/select,int,1,,OFF|L2_DIM|L2_FULL,
PAD_S6_T3_FX_OPACITY_TOGGLE,GRID_FX,note,54,1,,FX,fx_opacity_toggle,LAYER3,fx_page*8+6,ws,/parameter/by-id/{fx[LAYER3:fx_page*8+6].opacity_id},float,0.0<->on_value,,OFF|FX_OFF|FX_MID|FX_ON|FX_BYPASSED,"Paged slot; immediate opacity toggle, Shift bypass, Select capture current opacity."
PAD_S6_T3_FX_BYPASS_TOGGLE,GRID_FX,note,54,1,SHIFT,FX,fx_bypass_toggle,LAYER3,fx_page*8+6,ws,/parameter/by-id/{fx[LAYER3:fx_page*8+6].bypassed_id},bool_as_int,0|1,,OFF|FX_OFF|FX_MID|FX_ON|FX_BYPASSED,"Paged slot; immediate opacity toggle, Shift bypass, Select capture current opacity."
PAD_S6_T3_FX_CAPTURE_ON_VALUE,GRID_FX,note,54,1,SELECT,FX,fx_capture_on_value,LAYER3,fx_page*8+6,internal,fx[LAYER3:fx_page*8+6].on_value,float,current opacity,,OFF|FX_OFF|FX_MID|FX_ON|FX_BYPASSED,"Paged slot; immediate opacity toggle, Shift bypass, Select capture current opacity."
PAD_S6_T4_CLIP_CONNECT,GRID_CLIP,note,55,1,,SESSION,clip_connect,LAYER2,bank*8+4,osc,/composition/layers/{L2}/clips/{bank*8+4}/connect,int,1,,OFF|L2_DIM|L2_FULL,
PAD_S6_T4_CLIP_SELECT,GRID_CLIP,note,55,1,SELECT,SESSION,clip_select,LAYER2,bank*8+4,osc,/composition/layers/{L2}/clips/{bank*8+4}/select,int,1,,OFF|L2_DIM|L2_FULL,
PAD_S6_T4_FX_OPACITY_TOGGLE,GRID_FX,note,55,1,,FX,fx_opacity_toggle,LAYER4,fx_page*8+6,ws,/parameter/by-id/{fx[LAYER4:fx_page*8+6].opacity_id},float,0.0<->on_value,,OFF|FX_OFF|FX_MID|FX_ON|FX_BYPASSED,"Paged slot; immediate opacity toggle, Shift bypass, Select capture current opacity."
PAD_S6_T4_FX_BYPASS_TOGGLE,GRID_FX,note,55,1,SHIFT,FX,fx_bypass_toggle,LAYER4,fx_page*8+6,ws,/parameter/by-id/{fx[LAYER4:fx_page*8+6].bypassed_id},bool_as_int,0|1,,OFF|FX_OFF|FX_MID|FX_ON|FX_BYPASSED,"Paged slot; immediate opacity toggle, Shift bypass, Select capture current opacity."
PAD_S6_T4_FX_CAPTURE_ON_VALUE,GRID_FX,note,55,1,SELECT,FX,fx_capture_on_value,LAYER4,fx_page*8+6,internal,fx[LAYER4:fx_page*8+6].on_value,float,current opacity,,OFF|FX_OFF|FX_MID|FX_ON|FX_BYPASSED,"Paged slot; immediate opacity toggle, Shift bypass, Select capture current opacity."
PAD_S6_T5_CLIP_CONNECT,GRID_CLIP,note,56,1,,SESSION,clip_connect,LAYER2,bank*8+5,osc,/composition/layers/{L2}/clips/{bank*8+5}/connect,int,1,,OFF|L2_DIM|L2_FULL,
PAD_S6_T5_CLIP_SELECT,GRID_CLIP,note,56,1,SELECT,SESSION,clip_select,LAYER2,bank*8+5,osc,/composition/layers/{L2}/clips/{bank*8+5}/select,int,1,,OFF|L2_DIM|L2_FULL,
PAD_S6_T5_FX_OPACITY_TOGGLE,GRID_FX,note,56,1,,FX,fx_opacity_toggle,LAYER5,fx_page*8+6,ws,/parameter/by-id/{fx[LAYER5:fx_page*8+6].opacity_id},float,0.0<->on_value,,OFF|FX_OFF|FX_MID|FX_ON|FX_BYPASSED,"Paged slot; immediate opacity toggle, Shift bypass, Select capture current opacity."
PAD_S6_T5_FX_BYPASS_TOGGLE,GRID_FX,note,56,1,SHIFT,FX,fx_bypass_toggle,LAYER5,fx_page*8+6,ws,/parameter/by-id/{fx[LAYER5:fx_page*8+6].bypassed_id},bool_as_int,0|1,,OFF|FX_OFF|FX_MID|FX_ON|FX_BYPASSED,"Paged slot; immediate opacity toggle, Shift bypass, Select capture current opacity."
PAD_S6_T5_FX_CAPTURE_ON_VALUE,GRID_FX,note,56,1,SELECT,FX,fx_capture_on_value,LAYER5,fx_page*8+6,internal,fx[LAYER5:fx_page*8+6].on_value,float,current opacity,,OFF|FX_OFF|FX_MID|FX_ON|FX_BYPASSED,"Paged slot; immediate opacity toggle, Shift bypass, Select capture current opacity."
PAD_S6_T6_CLIP_CONNECT,GRID_CLIP,note,57,1,,SESSION,clip_connect,LAYER2,bank*8+6,osc,/composition/layers/{L2}/clips/{bank*8+6}/connect,int,1,,OFF|L2_DIM|L2_FULL,
PAD_S6_T6_CLIP_SELECT,GRID_CLIP,note,57,1,SELECT,SESSION,clip_select,LAYER2,bank*8+6,osc,/composition/layers/{L2}/clips/{bank*8+6}/select,int,1,,OFF|L2_DIM|L2_FULL,
PAD_S6_T6_FX_OPACITY_TOGGLE,GRID_FX,note,57,1,,FX,fx_opacity_toggle,LAYER6,fx_page*8+6,ws,/parameter/by-id/{fx[LAYER6:fx_page*8+6].opacity_id},float,0.0<->on_value,,OFF|FX_OFF|FX_MID|FX_ON|FX_BYPASSED,"Paged slot; immediate opacity toggle, Shift bypass, Select capture current opacity."
PAD_S6_T6_FX_BYPASS_TOGGLE,GRID_FX,note,57,1,SHIFT,FX,fx_bypass_toggle,LAYER6,fx_page*8+6,ws,/parameter/by-id/{fx[LAYER6:fx_page*8+6].bypassed_id},bool_as_int,0|1,,OFF|FX_OFF|FX_MID|FX_ON|FX_BYPASSED,"Paged slot; immediate opacity toggle, Shift bypass, Select capture current opacity."
PAD_S6_T6_FX_CAPTURE_ON_VALUE,GRID_FX,note,57,1,SELECT,FX,fx_capture_on_value,LAYER6,fx_page*8+6,internal,fx[LAYER6:fx_page*8+6].on_value,float,current opacity,,OFF|FX_OFF|FX_MID|FX_ON|FX_BYPASSED,"Paged slot; immediate opacity toggle, Shift bypass, Select capture current opacity."
PAD_S6_T7_CLIP_CONNECT,GRID_CLIP,note,58,1,,SESSION,clip_connect,LAYER2,bank*8+7,osc,/composition/layers/{L2}/clips/{bank*8+7}/connect,int,1,,OFF|L2_DIM|L2_FULL,
PAD_S6_T7_CLIP_SELECT,GRID_CLIP,note,58,1,SELECT,SESSION,clip_select,LAYER2,bank*8+7,osc,/composition/layers/{L2}/clips/{bank*8+7}/select,int,1,,OFF|L2_DIM|L2_FULL,
PAD_S6_T7_FX_OPACITY_TOGGLE,GRID_FX,note,58,1,,FX,fx_opacity_toggle,LAYER7,fx_page*8+6,ws,/parameter/by-id/{fx[LAYER7:fx_page*8+6].opacity_id},float,0.0<->on_value,,OFF|FX_OFF|FX_MID|FX_ON|FX_BYPASSED,"Paged slot; immediate opacity toggle, Shift bypass, Select capture current opacity."
PAD_S6_T7_FX_BYPASS_TOGGLE,GRID_FX,note,58,1,SHIFT,FX,fx_bypass_toggle,LAYER7,fx_page*8+6,ws,/parameter/by-id/{fx[LAYER7:fx_page*8+6].bypassed_id},bool_as_int,0|1,,OFF|FX_OFF|FX_MID|FX_ON|FX_BYPASSED,"Paged slot; immediate opacity toggle, Shift bypass, Select capture current opacity."
PAD_S6_T7_FX_CAPTURE_ON_VALUE,GRID_FX,note,58,1,SELECT,FX,fx_capture_on_value,LAYER7,fx_page*8+6,internal,fx[LAYER7:fx_page*8+6].on_value,float,current opacity,,OFF|FX_OFF|FX_MID|FX_ON|FX_BYPASSED,"Paged slot; immediate opacity toggle, Shift bypass, Select capture current opacity."
PAD_S6_T8_CLIP_CONNECT,GRID_CLIP,note,59,1,,SESSION,clip_connect,LAYER2,bank*8+8,osc,/composition/layers/{L2}/clips/{bank*8+8}/connect,int,1,,OFF|L2_DIM|L2_FULL,
PAD_S6_T8_CLIP_SELECT,GRID_CLIP,note,59,1,SELECT,SESSION,clip_select,LAYER2,bank*8+8,osc,/composition/layers/{L2}/clips/{bank*8+8}/select,int,1,,OFF|L2_DIM|L2_FULL,
PAD_S6_T8_FX_OPACITY_TOGGLE,GRID_FX,note,59,1,,FX,fx_opacity_toggle,COMPOSITION,fx_page*8+6,ws,/parameter/by-id/{fx[COMPOSITION:fx_page*8+6].opacity_id},float,0.0<->on_value,,OFF|FX_OFF|FX_MID|FX_ON|FX_BYPASSED,"Paged slot; immediate opacity toggle, Shift bypass, Select capture current opacity."
PAD_S6_T8_FX_BYPASS_TOGGLE,GRID_FX,note,59,1,SHIFT,FX,fx_bypass_toggle,COMPOSITION,fx_page*8+6,ws,/parameter/by-id/{fx[COMPOSITION:fx_page*8+6].bypassed_id},bool_as_int,0|1,,OFF|FX_OFF|FX_MID|FX_ON|FX_BYPASSED,"Paged slot; immediate opacity toggle, Shift bypass, Select capture current opacity."
PAD_S6_T8_FX_CAPTURE_ON_VALUE,GRID_FX,note,59,1,SELECT,FX,fx_capture_on_value,COMPOSITION,fx_page*8+6,internal,fx[COMPOSITION:fx_page*8+6].on_value,float,current opacity,,OFF|FX_OFF|FX_MID|FX_ON|FX_BYPASSED,"Paged slot; immediate opacity toggle, Shift bypass, Select capture current opacity."
PAD_S7_T1_CLIP_CONNECT,GRID_CLIP,note,44,1,,SESSION,clip_connect,LAYER1,bank*8+1,osc,/composition/layers/{L1}/clips/{bank*8+1}/connect,int,1,,OFF|L1_DIM|L1_FULL,
PAD_S7_T1_CLIP_SELECT,GRID_CLIP,note,44,1,SELECT,SESSION,clip_select,LAYER1,bank*8+1,osc,/composition/layers/{L1}/clips/{bank*8+1}/select,int,1,,OFF|L1_DIM|L1_FULL,
PAD_S7_T1_FX_OPACITY_TOGGLE,GRID_FX,note,44,1,,FX,fx_opacity_toggle,LAYER1,fx_page*8+7,ws,/parameter/by-id/{fx[LAYER1:fx_page*8+7].opacity_id},float,0.0<->on_value,,OFF|FX_OFF|FX_MID|FX_ON|FX_BYPASSED,"Paged slot; immediate opacity toggle, Shift bypass, Select capture current opacity."
PAD_S7_T1_FX_BYPASS_TOGGLE,GRID_FX,note,44,1,SHIFT,FX,fx_bypass_toggle,LAYER1,fx_page*8+7,ws,/parameter/by-id/{fx[LAYER1:fx_page*8+7].bypassed_id},bool_as_int,0|1,,OFF|FX_OFF|FX_MID|FX_ON|FX_BYPASSED,"Paged slot; immediate opacity toggle, Shift bypass, Select capture current opacity."
PAD_S7_T1_FX_CAPTURE_ON_VALUE,GRID_FX,note,44,1,SELECT,FX,fx_capture_on_value,LAYER1,fx_page*8+7,internal,fx[LAYER1:fx_page*8+7].on_value,float,current opacity,,OFF|FX_OFF|FX_MID|FX_ON|FX_BYPASSED,"Paged slot; immediate opacity toggle, Shift bypass, Select capture current opacity."
PAD_S7_T2_CLIP_CONNECT,GRID_CLIP,note,45,1,,SESSION,clip_connect,LAYER1,bank*8+2,osc,/composition/layers/{L1}/clips/{bank*8+2}/connect,int,1,,OFF|L1_DIM|L1_FULL,
PAD_S7_T2_CLIP_SELECT,GRID_CLIP,note,45,1,SELECT,SESSION,clip_select,LAYER1,bank*8+2,osc,/composition/layers/{L1}/clips/{bank*8+2}/select,int,1,,OFF|L1_DIM|L1_FULL,
PAD_S7_T2_FX_OPACITY_TOGGLE,GRID_FX,note,45,1,,FX,fx_opacity_toggle,LAYER2,fx_page*8+7,ws,/parameter/by-id/{fx[LAYER2:fx_page*8+7].opacity_id},float,0.0<->on_value,,OFF|FX_OFF|FX_MID|FX_ON|FX_BYPASSED,"Paged slot; immediate opacity toggle, Shift bypass, Select capture current opacity."
PAD_S7_T2_FX_BYPASS_TOGGLE,GRID_FX,note,45,1,SHIFT,FX,fx_bypass_toggle,LAYER2,fx_page*8+7,ws,/parameter/by-id/{fx[LAYER2:fx_page*8+7].bypassed_id},bool_as_int,0|1,,OFF|FX_OFF|FX_MID|FX_ON|FX_BYPASSED,"Paged slot; immediate opacity toggle, Shift bypass, Select capture current opacity."
PAD_S7_T2_FX_CAPTURE_ON_VALUE,GRID_FX,note,45,1,SELECT,FX,fx_capture_on_value,LAYER2,fx_page*8+7,internal,fx[LAYER2:fx_page*8+7].on_value,float,current opacity,,OFF|FX_OFF|FX_MID|FX_ON|FX_BYPASSED,"Paged slot; immediate opacity toggle, Shift bypass, Select capture current opacity."
PAD_S7_T3_CLIP_CONNECT,GRID_CLIP,note,46,1,,SESSION,clip_connect,LAYER1,bank*8+3,osc,/composition/layers/{L1}/clips/{bank*8+3}/connect,int,1,,OFF|L1_DIM|L1_FULL,
PAD_S7_T3_CLIP_SELECT,GRID_CLIP,note,46,1,SELECT,SESSION,clip_select,LAYER1,bank*8+3,osc,/composition/layers/{L1}/clips/{bank*8+3}/select,int,1,,OFF|L1_DIM|L1_FULL,
PAD_S7_T3_FX_OPACITY_TOGGLE,GRID_FX,note,46,1,,FX,fx_opacity_toggle,LAYER3,fx_page*8+7,ws,/parameter/by-id/{fx[LAYER3:fx_page*8+7].opacity_id},float,0.0<->on_value,,OFF|FX_OFF|FX_MID|FX_ON|FX_BYPASSED,"Paged slot; immediate opacity toggle, Shift bypass, Select capture current opacity."
PAD_S7_T3_FX_BYPASS_TOGGLE,GRID_FX,note,46,1,SHIFT,FX,fx_bypass_toggle,LAYER3,fx_page*8+7,ws,/parameter/by-id/{fx[LAYER3:fx_page*8+7].bypassed_id},bool_as_int,0|1,,OFF|FX_OFF|FX_MID|FX_ON|FX_BYPASSED,"Paged slot; immediate opacity toggle, Shift bypass, Select capture current opacity."
PAD_S7_T3_FX_CAPTURE_ON_VALUE,GRID_FX,note,46,1,SELECT,FX,fx_capture_on_value,LAYER3,fx_page*8+7,internal,fx[LAYER3:fx_page*8+7].on_value,float,current opacity,,OFF|FX_OFF|FX_MID|FX_ON|FX_BYPASSED,"Paged slot; immediate opacity toggle, Shift bypass, Select capture current opacity."
PAD_S7_T4_CLIP_CONNECT,GRID_CLIP,note,47,1,,SESSION,clip_connect,LAYER1,bank*8+4,osc,/composition/layers/{L1}/clips/{bank*8+4}/connect,int,1,,OFF|L1_DIM|L1_FULL,
PAD_S7_T4_CLIP_SELECT,GRID_CLIP,note,47,1,SELECT,SESSION,clip_select,LAYER1,bank*8+4,osc,/composition/layers/{L1}/clips/{bank*8+4}/select,int,1,,OFF|L1_DIM|L1_FULL,
PAD_S7_T4_FX_OPACITY_TOGGLE,GRID_FX,note,47,1,,FX,fx_opacity_toggle,LAYER4,fx_page*8+7,ws,/parameter/by-id/{fx[LAYER4:fx_page*8+7].opacity_id},float,0.0<->on_value,,OFF|FX_OFF|FX_MID|FX_ON|FX_BYPASSED,"Paged slot; immediate opacity toggle, Shift bypass, Select capture current opacity."
PAD_S7_T4_FX_BYPASS_TOGGLE,GRID_FX,note,47,1,SHIFT,FX,fx_bypass_toggle,LAYER4,fx_page*8+7,ws,/parameter/by-id/{fx[LAYER4:fx_page*8+7].bypassed_id},bool_as_int,0|1,,OFF|FX_OFF|FX_MID|FX_ON|FX_BYPASSED,"Paged slot; immediate opacity toggle, Shift bypass, Select capture current opacity."
PAD_S7_T4_FX_CAPTURE_ON_VALUE,GRID_FX,note,47,1,SELECT,FX,fx_capture_on_value,LAYER4,fx_page*8+7,internal,fx[LAYER4:fx_page*8+7].on_value,float,current opacity,,OFF|FX_OFF|FX_MID|FX_ON|FX_BYPASSED,"Paged slot; immediate opacity toggle, Shift bypass, Select capture current opacity."
PAD_S7_T5_CLIP_CONNECT,GRID_CLIP,note,48,1,,SESSION,clip_connect,LAYER1,bank*8+5,osc,/composition/layers/{L1}/clips/{bank*8+5}/connect,int,1,,OFF|L1_DIM|L1_FULL,
PAD_S7_T5_CLIP_SELECT,GRID_CLIP,note,48,1,SELECT,SESSION,clip_select,LAYER1,bank*8+5,osc,/composition/layers/{L1}/clips/{bank*8+5}/select,int,1,,OFF|L1_DIM|L1_FULL,
PAD_S7_T5_FX_OPACITY_TOGGLE,GRID_FX,note,48,1,,FX,fx_opacity_toggle,LAYER5,fx_page*8+7,ws,/parameter/by-id/{fx[LAYER5:fx_page*8+7].opacity_id},float,0.0<->on_value,,OFF|FX_OFF|FX_MID|FX_ON|FX_BYPASSED,"Paged slot; immediate opacity toggle, Shift bypass, Select capture current opacity."
PAD_S7_T5_FX_BYPASS_TOGGLE,GRID_FX,note,48,1,SHIFT,FX,fx_bypass_toggle,LAYER5,fx_page*8+7,ws,/parameter/by-id/{fx[LAYER5:fx_page*8+7].bypassed_id},bool_as_int,0|1,,OFF|FX_OFF|FX_MID|FX_ON|FX_BYPASSED,"Paged slot; immediate opacity toggle, Shift bypass, Select capture current opacity."
PAD_S7_T5_FX_CAPTURE_ON_VALUE,GRID_FX,note,48,1,SELECT,FX,fx_capture_on_value,LAYER5,fx_page*8+7,internal,fx[LAYER5:fx_page*8+7].on_value,float,current opacity,,OFF|FX_OFF|FX_MID|FX_ON|FX_BYPASSED,"Paged slot; immediate opacity toggle, Shift bypass, Select capture current opacity."
PAD_S7_T6_CLIP_CONNECT,GRID_CLIP,note,49,1,,SESSION,clip_connect,LAYER1,bank*8+6,osc,/composition/layers/{L1}/clips/{bank*8+6}/connect,int,1,,OFF|L1_DIM|L1_FULL,
PAD_S7_T6_CLIP_SELECT,GRID_CLIP,note,49,1,SELECT,SESSION,clip_select,LAYER1,bank*8+6,osc,/composition/layers/{L1}/clips/{bank*8+6}/select,int,1,,OFF|L1_DIM|L1_FULL,
PAD_S7_T6_FX_OPACITY_TOGGLE,GRID_FX,note,49,1,,FX,fx_opacity_toggle,LAYER6,fx_page*8+7,ws,/parameter/by-id/{fx[LAYER6:fx_page*8+7].opacity_id},float,0.0<->on_value,,OFF|FX_OFF|FX_MID|FX_ON|FX_BYPASSED,"Paged slot; immediate opacity toggle, Shift bypass, Select capture current opacity."
PAD_S7_T6_FX_BYPASS_TOGGLE,GRID_FX,note,49,1,SHIFT,FX,fx_bypass_toggle,LAYER6,fx_page*8+7,ws,/parameter/by-id/{fx[LAYER6:fx_page*8+7].bypassed_id},bool_as_int,0|1,,OFF|FX_OFF|FX_MID|FX_ON|FX_BYPASSED,"Paged slot; immediate opacity toggle, Shift bypass, Select capture current opacity."
PAD_S7_T6_FX_CAPTURE_ON_VALUE,GRID_FX,note,49,1,SELECT,FX,fx_capture_on_value,LAYER6,fx_page*8+7,internal,fx[LAYER6:fx_page*8+7].on_value,float,current opacity,,OFF|FX_OFF|FX_MID|FX_ON|FX_BYPASSED,"Paged slot; immediate opacity toggle, Shift bypass, Select capture current opacity."
PAD_S7_T7_CLIP_CONNECT,GRID_CLIP,note,50,1,,SESSION,clip_connect,LAYER1,bank*8+7,osc,/composition/layers/{L1}/clips/{bank*8+7}/connect,int,1,,OFF|L1_DIM|L1_FULL,
PAD_S7_T7_CLIP_SELECT,GRID_CLIP,note,50,1,SELECT,SESSION,clip_select,LAYER1,bank*8+7,osc,/composition/layers/{L1}/clips/{bank*8+7}/select,int,1,,OFF|L1_DIM|L1_FULL,
PAD_S7_T7_FX_OPACITY_TOGGLE,GRID_FX,note,50,1,,FX,fx_opacity_toggle,LAYER7,fx_page*8+7,ws,/parameter/by-id/{fx[LAYER7:fx_page*8+7].opacity_id},float,0.0<->on_value,,OFF|FX_OFF|FX_MID|FX_ON|FX_BYPASSED,"Paged slot; immediate opacity toggle, Shift bypass, Select capture current opacity."
PAD_S7_T7_FX_BYPASS_TOGGLE,GRID_FX,note,50,1,SHIFT,FX,fx_bypass_toggle,LAYER7,fx_page*8+7,ws,/parameter/by-id/{fx[LAYER7:fx_page*8+7].bypassed_id},bool_as_int,0|1,,OFF|FX_OFF|FX_MID|FX_ON|FX_BYPASSED,"Paged slot; immediate opacity toggle, Shift bypass, Select capture current opacity."
PAD_S7_T7_FX_CAPTURE_ON_VALUE,GRID_FX,note,50,1,SELECT,FX,fx_capture_on_value,LAYER7,fx_page*8+7,internal,fx[LAYER7:fx_page*8+7].on_value,float,current opacity,,OFF|FX_OFF|FX_MID|FX_ON|FX_BYPASSED,"Paged slot; immediate opacity toggle, Shift bypass, Select capture current opacity."
PAD_S7_T8_CLIP_CONNECT,GRID_CLIP,note,51,1,,SESSION,clip_connect,LAYER1,bank*8+8,osc,/composition/layers/{L1}/clips/{bank*8+8}/connect,int,1,,OFF|L1_DIM|L1_FULL,
PAD_S7_T8_CLIP_SELECT,GRID_CLIP,note,51,1,SELECT,SESSION,clip_select,LAYER1,bank*8+8,osc,/composition/layers/{L1}/clips/{bank*8+8}/select,int,1,,OFF|L1_DIM|L1_FULL,
PAD_S7_T8_FX_OPACITY_TOGGLE,GRID_FX,note,51,1,,FX,fx_opacity_toggle,COMPOSITION,fx_page*8+7,ws,/parameter/by-id/{fx[COMPOSITION:fx_page*8+7].opacity_id},float,0.0<->on_value,,OFF|FX_OFF|FX_MID|FX_ON|FX_BYPASSED,"Paged slot; immediate opacity toggle, Shift bypass, Select capture current opacity."
PAD_S7_T8_FX_BYPASS_TOGGLE,GRID_FX,note,51,1,SHIFT,FX,fx_bypass_toggle,COMPOSITION,fx_page*8+7,ws,/parameter/by-id/{fx[COMPOSITION:fx_page*8+7].bypassed_id},bool_as_int,0|1,,OFF|FX_OFF|FX_MID|FX_ON|FX_BYPASSED,"Paged slot; immediate opacity toggle, Shift bypass, Select capture current opacity."
PAD_S7_T8_FX_CAPTURE_ON_VALUE,GRID_FX,note,51,1,SELECT,FX,fx_capture_on_value,COMPOSITION,fx_page*8+7,internal,fx[COMPOSITION:fx_page*8+7].on_value,float,current opacity,,OFF|FX_OFF|FX_MID|FX_ON|FX_BYPASSED,"Paged slot; immediate opacity toggle, Shift bypass, Select capture current opacity."
PAD_S8_T1_COLUMN,GRID_COLUMN,note,36,1,,SESSION,column_connect,COMPOSITION,bank*8+1,osc,/composition/columns/{bank*8+1}/connect,int,1,,OFF|SCENE_DIM|SCENE_FULL,
PAD_S8_T1_FX_OPACITY_TOGGLE,GRID_FX,note,36,1,,FX,fx_opacity_toggle,LAYER1,fx_page*8+8,ws,/parameter/by-id/{fx[LAYER1:fx_page*8+8].opacity_id},float,0.0<->on_value,,OFF|FX_OFF|FX_MID|FX_ON|FX_BYPASSED,"Paged slot; immediate opacity toggle, Shift bypass, Select capture current opacity."
PAD_S8_T1_FX_BYPASS_TOGGLE,GRID_FX,note,36,1,SHIFT,FX,fx_bypass_toggle,LAYER1,fx_page*8+8,ws,/parameter/by-id/{fx[LAYER1:fx_page*8+8].bypassed_id},bool_as_int,0|1,,OFF|FX_OFF|FX_MID|FX_ON|FX_BYPASSED,"Paged slot; immediate opacity toggle, Shift bypass, Select capture current opacity."
PAD_S8_T1_FX_CAPTURE_ON_VALUE,GRID_FX,note,36,1,SELECT,FX,fx_capture_on_value,LAYER1,fx_page*8+8,internal,fx[LAYER1:fx_page*8+8].on_value,float,current opacity,,OFF|FX_OFF|FX_MID|FX_ON|FX_BYPASSED,"Paged slot; immediate opacity toggle, Shift bypass, Select capture current opacity."
PAD_S8_T2_COLUMN,GRID_COLUMN,note,37,1,,SESSION,column_connect,COMPOSITION,bank*8+2,osc,/composition/columns/{bank*8+2}/connect,int,1,,OFF|SCENE_DIM|SCENE_FULL,
PAD_S8_T2_FX_OPACITY_TOGGLE,GRID_FX,note,37,1,,FX,fx_opacity_toggle,LAYER2,fx_page*8+8,ws,/parameter/by-id/{fx[LAYER2:fx_page*8+8].opacity_id},float,0.0<->on_value,,OFF|FX_OFF|FX_MID|FX_ON|FX_BYPASSED,"Paged slot; immediate opacity toggle, Shift bypass, Select capture current opacity."
PAD_S8_T2_FX_BYPASS_TOGGLE,GRID_FX,note,37,1,SHIFT,FX,fx_bypass_toggle,LAYER2,fx_page*8+8,ws,/parameter/by-id/{fx[LAYER2:fx_page*8+8].bypassed_id},bool_as_int,0|1,,OFF|FX_OFF|FX_MID|FX_ON|FX_BYPASSED,"Paged slot; immediate opacity toggle, Shift bypass, Select capture current opacity."
PAD_S8_T2_FX_CAPTURE_ON_VALUE,GRID_FX,note,37,1,SELECT,FX,fx_capture_on_value,LAYER2,fx_page*8+8,internal,fx[LAYER2:fx_page*8+8].on_value,float,current opacity,,OFF|FX_OFF|FX_MID|FX_ON|FX_BYPASSED,"Paged slot; immediate opacity toggle, Shift bypass, Select capture current opacity."
PAD_S8_T3_COLUMN,GRID_COLUMN,note,38,1,,SESSION,column_connect,COMPOSITION,bank*8+3,osc,/composition/columns/{bank*8+3}/connect,int,1,,OFF|SCENE_DIM|SCENE_FULL,
PAD_S8_T3_FX_OPACITY_TOGGLE,GRID_FX,note,38,1,,FX,fx_opacity_toggle,LAYER3,fx_page*8+8,ws,/parameter/by-id/{fx[LAYER3:fx_page*8+8].opacity_id},float,0.0<->on_value,,OFF|FX_OFF|FX_MID|FX_ON|FX_BYPASSED,"Paged slot; immediate opacity toggle, Shift bypass, Select capture current opacity."
PAD_S8_T3_FX_BYPASS_TOGGLE,GRID_FX,note,38,1,SHIFT,FX,fx_bypass_toggle,LAYER3,fx_page*8+8,ws,/parameter/by-id/{fx[LAYER3:fx_page*8+8].bypassed_id},bool_as_int,0|1,,OFF|FX_OFF|FX_MID|FX_ON|FX_BYPASSED,"Paged slot; immediate opacity toggle, Shift bypass, Select capture current opacity."
PAD_S8_T3_FX_CAPTURE_ON_VALUE,GRID_FX,note,38,1,SELECT,FX,fx_capture_on_value,LAYER3,fx_page*8+8,internal,fx[LAYER3:fx_page*8+8].on_value,float,current opacity,,OFF|FX_OFF|FX_MID|FX_ON|FX_BYPASSED,"Paged slot; immediate opacity toggle, Shift bypass, Select capture current opacity."
PAD_S8_T4_COLUMN,GRID_COLUMN,note,39,1,,SESSION,column_connect,COMPOSITION,bank*8+4,osc,/composition/columns/{bank*8+4}/connect,int,1,,OFF|SCENE_DIM|SCENE_FULL,
PAD_S8_T4_FX_OPACITY_TOGGLE,GRID_FX,note,39,1,,FX,fx_opacity_toggle,LAYER4,fx_page*8+8,ws,/parameter/by-id/{fx[LAYER4:fx_page*8+8].opacity_id},float,0.0<->on_value,,OFF|FX_OFF|FX_MID|FX_ON|FX_BYPASSED,"Paged slot; immediate opacity toggle, Shift bypass, Select capture current opacity."
PAD_S8_T4_FX_BYPASS_TOGGLE,GRID_FX,note,39,1,SHIFT,FX,fx_bypass_toggle,LAYER4,fx_page*8+8,ws,/parameter/by-id/{fx[LAYER4:fx_page*8+8].bypassed_id},bool_as_int,0|1,,OFF|FX_OFF|FX_MID|FX_ON|FX_BYPASSED,"Paged slot; immediate opacity toggle, Shift bypass, Select capture current opacity."
PAD_S8_T4_FX_CAPTURE_ON_VALUE,GRID_FX,note,39,1,SELECT,FX,fx_capture_on_value,LAYER4,fx_page*8+8,internal,fx[LAYER4:fx_page*8+8].on_value,float,current opacity,,OFF|FX_OFF|FX_MID|FX_ON|FX_BYPASSED,"Paged slot; immediate opacity toggle, Shift bypass, Select capture current opacity."
PAD_S8_T5_COLUMN,GRID_COLUMN,note,40,1,,SESSION,column_connect,COMPOSITION,bank*8+5,osc,/composition/columns/{bank*8+5}/connect,int,1,,OFF|SCENE_DIM|SCENE_FULL,
PAD_S8_T5_FX_OPACITY_TOGGLE,GRID_FX,note,40,1,,FX,fx_opacity_toggle,LAYER5,fx_page*8+8,ws,/parameter/by-id/{fx[LAYER5:fx_page*8+8].opacity_id},float,0.0<->on_value,,OFF|FX_OFF|FX_MID|FX_ON|FX_BYPASSED,"Paged slot; immediate opacity toggle, Shift bypass, Select capture current opacity."
PAD_S8_T5_FX_BYPASS_TOGGLE,GRID_FX,note,40,1,SHIFT,FX,fx_bypass_toggle,LAYER5,fx_page*8+8,ws,/parameter/by-id/{fx[LAYER5:fx_page*8+8].bypassed_id},bool_as_int,0|1,,OFF|FX_OFF|FX_MID|FX_ON|FX_BYPASSED,"Paged slot; immediate opacity toggle, Shift bypass, Select capture current opacity."
PAD_S8_T5_FX_CAPTURE_ON_VALUE,GRID_FX,note,40,1,SELECT,FX,fx_capture_on_value,LAYER5,fx_page*8+8,internal,fx[LAYER5:fx_page*8+8].on_value,float,current opacity,,OFF|FX_OFF|FX_MID|FX_ON|FX_BYPASSED,"Paged slot; immediate opacity toggle, Shift bypass, Select capture current opacity."
PAD_S8_T6_COLUMN,GRID_COLUMN,note,41,1,,SESSION,column_connect,COMPOSITION,bank*8+6,osc,/composition/columns/{bank*8+6}/connect,int,1,,OFF|SCENE_DIM|SCENE_FULL,
PAD_S8_T6_FX_OPACITY_TOGGLE,GRID_FX,note,41,1,,FX,fx_opacity_toggle,LAYER6,fx_page*8+8,ws,/parameter/by-id/{fx[LAYER6:fx_page*8+8].opacity_id},float,0.0<->on_value,,OFF|FX_OFF|FX_MID|FX_ON|FX_BYPASSED,"Paged slot; immediate opacity toggle, Shift bypass, Select capture current opacity."
PAD_S8_T6_FX_BYPASS_TOGGLE,GRID_FX,note,41,1,SHIFT,FX,fx_bypass_toggle,LAYER6,fx_page*8+8,ws,/parameter/by-id/{fx[LAYER6:fx_page*8+8].bypassed_id},bool_as_int,0|1,,OFF|FX_OFF|FX_MID|FX_ON|FX_BYPASSED,"Paged slot; immediate opacity toggle, Shift bypass, Select capture current opacity."
PAD_S8_T6_FX_CAPTURE_ON_VALUE,GRID_FX,note,41,1,SELECT,FX,fx_capture_on_value,LAYER6,fx_page*8+8,internal,fx[LAYER6:fx_page*8+8].on_value,float,current opacity,,OFF|FX_OFF|FX_MID|FX_ON|FX_BYPASSED,"Paged slot; immediate opacity toggle, Shift bypass, Select capture current opacity."
PAD_S8_T7_COLUMN,GRID_COLUMN,note,42,1,,SESSION,column_connect,COMPOSITION,bank*8+7,osc,/composition/columns/{bank*8+7}/connect,int,1,,OFF|SCENE_DIM|SCENE_FULL,
PAD_S8_T7_FX_OPACITY_TOGGLE,GRID_FX,note,42,1,,FX,fx_opacity_toggle,LAYER7,fx_page*8+8,ws,/parameter/by-id/{fx[LAYER7:fx_page*8+8].opacity_id},float,0.0<->on_value,,OFF|FX_OFF|FX_MID|FX_ON|FX_BYPASSED,"Paged slot; immediate opacity toggle, Shift bypass, Select capture current opacity."
PAD_S8_T7_FX_BYPASS_TOGGLE,GRID_FX,note,42,1,SHIFT,FX,fx_bypass_toggle,LAYER7,fx_page*8+8,ws,/parameter/by-id/{fx[LAYER7:fx_page*8+8].bypassed_id},bool_as_int,0|1,,OFF|FX_OFF|FX_MID|FX_ON|FX_BYPASSED,"Paged slot; immediate opacity toggle, Shift bypass, Select capture current opacity."
PAD_S8_T7_FX_CAPTURE_ON_VALUE,GRID_FX,note,42,1,SELECT,FX,fx_capture_on_value,LAYER7,fx_page*8+8,internal,fx[LAYER7:fx_page*8+8].on_value,float,current opacity,,OFF|FX_OFF|FX_MID|FX_ON|FX_BYPASSED,"Paged slot; immediate opacity toggle, Shift bypass, Select capture current opacity."
PAD_S8_T8_COLUMN,GRID_COLUMN,note,43,1,,SESSION,column_connect,COMPOSITION,bank*8+8,osc,/composition/columns/{bank*8+8}/connect,int,1,,OFF|SCENE_DIM|SCENE_FULL,
PAD_S8_T8_FX_OPACITY_TOGGLE,GRID_FX,note,43,1,,FX,fx_opacity_toggle,COMPOSITION,fx_page*8+8,ws,/parameter/by-id/{fx[COMPOSITION:fx_page*8+8].opacity_id},float,0.0<->on_value,,OFF|FX_OFF|FX_MID|FX_ON|FX_BYPASSED,"Paged slot; immediate opacity toggle, Shift bypass, Select capture current opacity."
PAD_S8_T8_FX_BYPASS_TOGGLE,GRID_FX,note,43,1,SHIFT,FX,fx_bypass_toggle,COMPOSITION,fx_page*8+8,ws,/parameter/by-id/{fx[COMPOSITION:fx_page*8+8].bypassed_id},bool_as_int,0|1,,OFF|FX_OFF|FX_MID|FX_ON|FX_BYPASSED,"Paged slot; immediate opacity toggle, Shift bypass, Select capture current opacity."
PAD_S8_T8_FX_CAPTURE_ON_VALUE,GRID_FX,note,43,1,SELECT,FX,fx_capture_on_value,COMPOSITION,fx_page*8+8,internal,fx[COMPOSITION:fx_page*8+8].on_value,float,current opacity,,OFF|FX_OFF|FX_MID|FX_ON|FX_BYPASSED,"Paged slot; immediate opacity toggle, Shift bypass, Select capture current opacity."
LOWER_1,LOWER_ROW,cc,20,1,,ANY,layer_focus,LAYER1,,osc,/composition/layers/{L1}/select,int,1,,L1_DIM|L1_FULL,
LOWER_1_SHIFT,LOWER_ROW,cc,20,1,SHIFT,ANY,speed_reset,LAYER1,,internal,/composition/layers/{L1}/clips/{ACTIVE_CLIP}/transport/position/behaviour/speed,float,1.0,,L1_DIM|L1_FULL,"Native WebSocket reset by parameter ID; read back actual speed, preserve focus."
UPPER_1,UPPER_ROW,cc,102,1,,ANY,layer_clear,LAYER1,,osc,/composition/layers/{L1}/clear,int,1,,L1_DIM|L1_FULL,
UPPER_1_SHIFT,UPPER_ROW,cc,102,1,SHIFT,ANY,layer_solo_toggle,LAYER1,,osc,/composition/layers/{L1}/solo,int,0|1,,OFF|SOLO,
ENC_1_SESSION,ENCODER,cc,71,1,,SESSION,param_relative,LAYER1,,osc,/composition/layers/{L1}/video/opacity,float,0.0-1.0,,,
ENC_1_SESSION_SHIFT,ENCODER,cc,71,1,SHIFT,SESSION,param_relative,LAYER1,,osc,/composition/layers/{L1}/clips/{ACTIVE_CLIP}/transport/position/behaviour/speed,float,0.0-1.0,,,
ENC_1_FX,ENCODER,cc,71,1,,FX,param_relative,FOCUS,,osc,/composition{FOCUS}/dashboard/link1,float,0.0-1.0,,,
RIGHT_1,RIGHT_COL,cc,36,1,,SESSION,clip_bank_select,SURFACE,bank_group+1,internal,surface.bank,int,1,,BANK_DIM|BANK_FULL,
RIGHT_1_FX,RIGHT_COL,cc,36,1,,FX,fx_page_select,SURFACE,1,internal,surface.fx_page,int,1,,BANK_DIM|BANK_FULL,
RIGHT_1_DECK,RIGHT_COL,cc,36,1,SHIFT,ANY,deck_select,COMPOSITION,1,osc,/composition/decks/1/select,int,1,,DECK_DIM|DECK_FULL,
LOWER_2,LOWER_ROW,cc,21,1,,ANY,layer_focus,LAYER2,,osc,/composition/layers/{L2}/select,int,1,,L2_DIM|L2_FULL,
LOWER_2_SHIFT,LOWER_ROW,cc,21,1,SHIFT,ANY,speed_reset,LAYER2,,internal,/composition/layers/{L2}/clips/{ACTIVE_CLIP}/transport/position/behaviour/speed,float,1.0,,L2_DIM|L2_FULL,"Native WebSocket reset by parameter ID; read back actual speed, preserve focus."
UPPER_2,UPPER_ROW,cc,103,1,,ANY,layer_clear,LAYER2,,osc,/composition/layers/{L2}/clear,int,1,,L2_DIM|L2_FULL,
UPPER_2_SHIFT,UPPER_ROW,cc,103,1,SHIFT,ANY,layer_solo_toggle,LAYER2,,osc,/composition/layers/{L2}/solo,int,0|1,,OFF|SOLO,
ENC_2_SESSION,ENCODER,cc,72,1,,SESSION,param_relative,LAYER2,,osc,/composition/layers/{L2}/video/opacity,float,0.0-1.0,,,
ENC_2_SESSION_SHIFT,ENCODER,cc,72,1,SHIFT,SESSION,param_relative,LAYER2,,osc,/composition/layers/{L2}/clips/{ACTIVE_CLIP}/transport/position/behaviour/speed,float,0.0-1.0,,,
ENC_2_FX,ENCODER,cc,72,1,,FX,param_relative,FOCUS,,osc,/composition{FOCUS}/dashboard/link2,float,0.0-1.0,,,
RIGHT_2,RIGHT_COL,cc,37,1,,SESSION,clip_bank_select,SURFACE,bank_group+2,internal,surface.bank,int,1,,BANK_DIM|BANK_FULL,
RIGHT_2_FX,RIGHT_COL,cc,37,1,,FX,fx_page_select,SURFACE,2,internal,surface.fx_page,int,1,,BANK_DIM|BANK_FULL,
RIGHT_2_DECK,RIGHT_COL,cc,37,1,SHIFT,ANY,deck_select,COMPOSITION,2,osc,/composition/decks/2/select,int,1,,DECK_DIM|DECK_FULL,
LOWER_3,LOWER_ROW,cc,22,1,,ANY,layer_focus,LAYER3,,osc,/composition/layers/{L3}/select,int,1,,L3_DIM|L3_FULL,
LOWER_3_SHIFT,LOWER_ROW,cc,22,1,SHIFT,ANY,speed_reset,LAYER3,,internal,/composition/layers/{L3}/clips/{ACTIVE_CLIP}/transport/position/behaviour/speed,float,1.0,,L3_DIM|L3_FULL,"Native WebSocket reset by parameter ID; read back actual speed, preserve focus."
UPPER_3,UPPER_ROW,cc,104,1,,ANY,layer_clear,LAYER3,,osc,/composition/layers/{L3}/clear,int,1,,L3_DIM|L3_FULL,
UPPER_3_SHIFT,UPPER_ROW,cc,104,1,SHIFT,ANY,layer_solo_toggle,LAYER3,,osc,/composition/layers/{L3}/solo,int,0|1,,OFF|SOLO,
ENC_3_SESSION,ENCODER,cc,73,1,,SESSION,param_relative,LAYER3,,osc,/composition/layers/{L3}/video/opacity,float,0.0-1.0,,,
ENC_3_SESSION_SHIFT,ENCODER,cc,73,1,SHIFT,SESSION,param_relative,LAYER3,,osc,/composition/layers/{L3}/clips/{ACTIVE_CLIP}/transport/position/behaviour/speed,float,0.0-1.0,,,
ENC_3_FX,ENCODER,cc,73,1,,FX,param_relative,FOCUS,,osc,/composition{FOCUS}/dashboard/link3,float,0.0-1.0,,,
RIGHT_3,RIGHT_COL,cc,38,1,,SESSION,clip_bank_select,SURFACE,bank_group+3,internal,surface.bank,int,1,,BANK_DIM|BANK_FULL,
RIGHT_3_FX,RIGHT_COL,cc,38,1,,FX,reserved,SURFACE,3,internal,surface.fx_page,int,1,,OFF,
RIGHT_3_DECK,RIGHT_COL,cc,38,1,SHIFT,ANY,deck_select,COMPOSITION,3,osc,/composition/decks/3/select,int,1,,DECK_DIM|DECK_FULL,
LOWER_4,LOWER_ROW,cc,23,1,,ANY,layer_focus,LAYER4,,osc,/composition/layers/{L4}/select,int,1,,L4_DIM|L4_FULL,
LOWER_4_SHIFT,LOWER_ROW,cc,23,1,SHIFT,ANY,speed_reset,LAYER4,,internal,/composition/layers/{L4}/clips/{ACTIVE_CLIP}/transport/position/behaviour/speed,float,1.0,,L4_DIM|L4_FULL,"Native WebSocket reset by parameter ID; read back actual speed, preserve focus."
UPPER_4,UPPER_ROW,cc,105,1,,ANY,layer_clear,LAYER4,,osc,/composition/layers/{L4}/clear,int,1,,L4_DIM|L4_FULL,
UPPER_4_SHIFT,UPPER_ROW,cc,105,1,SHIFT,ANY,layer_solo_toggle,LAYER4,,osc,/composition/layers/{L4}/solo,int,0|1,,OFF|SOLO,
ENC_4_SESSION,ENCODER,cc,74,1,,SESSION,param_relative,LAYER4,,osc,/composition/layers/{L4}/video/opacity,float,0.0-1.0,,,
ENC_4_SESSION_SHIFT,ENCODER,cc,74,1,SHIFT,SESSION,param_relative,LAYER4,,osc,/composition/layers/{L4}/clips/{ACTIVE_CLIP}/transport/position/behaviour/speed,float,0.0-1.0,,,
ENC_4_FX,ENCODER,cc,74,1,,FX,param_relative,FOCUS,,osc,/composition{FOCUS}/dashboard/link4,float,0.0-1.0,,,
RIGHT_4,RIGHT_COL,cc,39,1,,SESSION,clip_bank_select,SURFACE,bank_group+4,internal,surface.bank,int,1,,BANK_DIM|BANK_FULL,
RIGHT_4_FX,RIGHT_COL,cc,39,1,,FX,reserved,SURFACE,4,internal,surface.fx_page,int,1,,OFF,
RIGHT_4_DECK,RIGHT_COL,cc,39,1,SHIFT,ANY,deck_select,COMPOSITION,4,osc,/composition/decks/4/select,int,1,,DECK_DIM|DECK_FULL,
LOWER_5,LOWER_ROW,cc,24,1,,ANY,layer_focus,LAYER5,,osc,/composition/layers/{L5}/select,int,1,,L5_DIM|L5_FULL,
LOWER_5_SHIFT,LOWER_ROW,cc,24,1,SHIFT,ANY,speed_reset,LAYER5,,internal,/composition/layers/{L5}/clips/{ACTIVE_CLIP}/transport/position/behaviour/speed,float,1.0,,L5_DIM|L5_FULL,"Native WebSocket reset by parameter ID; read back actual speed, preserve focus."
UPPER_5,UPPER_ROW,cc,106,1,,ANY,layer_clear,LAYER5,,osc,/composition/layers/{L5}/clear,int,1,,L5_DIM|L5_FULL,
UPPER_5_SHIFT,UPPER_ROW,cc,106,1,SHIFT,ANY,layer_solo_toggle,LAYER5,,osc,/composition/layers/{L5}/solo,int,0|1,,OFF|SOLO,
ENC_5_SESSION,ENCODER,cc,75,1,,SESSION,param_relative,LAYER5,,osc,/composition/layers/{L5}/video/opacity,float,0.0-1.0,,,
ENC_5_SESSION_SHIFT,ENCODER,cc,75,1,SHIFT,SESSION,param_relative,LAYER5,,osc,/composition/layers/{L5}/clips/{ACTIVE_CLIP}/transport/position/behaviour/speed,float,0.0-1.0,,,
ENC_5_FX,ENCODER,cc,75,1,,FX,param_relative,FOCUS,,osc,/composition{FOCUS}/dashboard/link5,float,0.0-1.0,,,
RIGHT_5,RIGHT_COL,cc,40,1,,SESSION,clip_bank_select,SURFACE,bank_group+5,internal,surface.bank,int,1,,BANK_DIM|BANK_FULL,
RIGHT_5_FX,RIGHT_COL,cc,40,1,,FX,reserved,SURFACE,5,internal,surface.fx_page,int,1,,OFF,
RIGHT_5_DECK,RIGHT_COL,cc,40,1,SHIFT,ANY,deck_select,COMPOSITION,5,osc,/composition/decks/5/select,int,1,,DECK_DIM|DECK_FULL,
LOWER_6,LOWER_ROW,cc,25,1,,ANY,layer_focus,LAYER6,,osc,/composition/layers/{L6}/select,int,1,,L6_DIM|L6_FULL,
LOWER_6_SHIFT,LOWER_ROW,cc,25,1,SHIFT,ANY,speed_reset,LAYER6,,internal,/composition/layers/{L6}/clips/{ACTIVE_CLIP}/transport/position/behaviour/speed,float,1.0,,L6_DIM|L6_FULL,"Native WebSocket reset by parameter ID; read back actual speed, preserve focus."
UPPER_6,UPPER_ROW,cc,107,1,,ANY,layer_clear,LAYER6,,osc,/composition/layers/{L6}/clear,int,1,,L6_DIM|L6_FULL,
UPPER_6_SHIFT,UPPER_ROW,cc,107,1,SHIFT,ANY,layer_solo_toggle,LAYER6,,osc,/composition/layers/{L6}/solo,int,0|1,,OFF|SOLO,
ENC_6_SESSION,ENCODER,cc,76,1,,SESSION,param_relative,LAYER6,,osc,/composition/layers/{L6}/video/opacity,float,0.0-1.0,,,
ENC_6_SESSION_SHIFT,ENCODER,cc,76,1,SHIFT,SESSION,param_relative,LAYER6,,osc,/composition/layers/{L6}/clips/{ACTIVE_CLIP}/transport/position/behaviour/speed,float,0.0-1.0,,,
ENC_6_FX,ENCODER,cc,76,1,,FX,param_relative,FOCUS,,osc,/composition{FOCUS}/dashboard/link6,float,0.0-1.0,,,
RIGHT_6,RIGHT_COL,cc,41,1,,SESSION,clip_bank_select,SURFACE,bank_group+6,internal,surface.bank,int,1,,BANK_DIM|BANK_FULL,
RIGHT_6_FX,RIGHT_COL,cc,41,1,,FX,reserved,SURFACE,6,internal,surface.fx_page,int,1,,OFF,
RIGHT_6_DECK,RIGHT_COL,cc,41,1,SHIFT,ANY,deck_select,COMPOSITION,6,osc,/composition/decks/6/select,int,1,,DECK_DIM|DECK_FULL,
LOWER_7,LOWER_ROW,cc,26,1,,ANY,layer_focus,LAYER7,,osc,/composition/layers/{L7}/select,int,1,,L7_DIM|L7_FULL,
LOWER_7_SHIFT,LOWER_ROW,cc,26,1,SHIFT,ANY,speed_reset,LAYER7,,internal,/composition/layers/{L7}/clips/{ACTIVE_CLIP}/transport/position/behaviour/speed,float,1.0,,L7_DIM|L7_FULL,"Native WebSocket reset by parameter ID; read back actual speed, preserve focus."
UPPER_7,UPPER_ROW,cc,108,1,,ANY,layer_clear,LAYER7,,osc,/composition/layers/{L7}/clear,int,1,,L7_DIM|L7_FULL,
UPPER_7_SHIFT,UPPER_ROW,cc,108,1,SHIFT,ANY,layer_solo_toggle,LAYER7,,osc,/composition/layers/{L7}/solo,int,0|1,,OFF|SOLO,
ENC_7_SESSION,ENCODER,cc,77,1,,SESSION,param_relative,LAYER7,,osc,/composition/layers/{L7}/video/opacity,float,0.0-1.0,,,
ENC_7_SESSION_SHIFT,ENCODER,cc,77,1,SHIFT,SESSION,param_relative,LAYER7,,osc,/composition/layers/{L7}/clips/{ACTIVE_CLIP}/transport/position/behaviour/speed,float,0.0-1.0,,,
ENC_7_FX,ENCODER,cc,77,1,,FX,param_relative,FOCUS,,osc,/composition{FOCUS}/dashboard/link7,float,0.0-1.0,,,
RIGHT_7,RIGHT_COL,cc,42,1,,SESSION,clip_bank_select,SURFACE,bank_group+7,internal,surface.bank,int,1,,BANK_DIM|BANK_FULL,
RIGHT_7_FX,RIGHT_COL,cc,42,1,,FX,reserved,SURFACE,7,internal,surface.fx_page,int,1,,OFF,
RIGHT_7_DECK,RIGHT_COL,cc,42,1,SHIFT,ANY,deck_select,COMPOSITION,7,osc,/composition/decks/7/select,int,1,,DECK_DIM|DECK_FULL,
LOWER_8,LOWER_ROW,cc,27,1,,ANY,comp_focus,COMPOSITION,,osc,/composition/select,int,1,,COMP_DIM|COMP_FULL,
LOWER_8_SHIFT,LOWER_ROW,cc,27,1,SHIFT,ANY,speed_reset,COMPOSITION,,internal,/composition/speed,float,1.0,,COMP_DIM|COMP_FULL,"Native WebSocket reset by parameter ID; read back actual speed, preserve focus."
UPPER_8,UPPER_ROW,cc,109,1,,ANY,comp_disconnect_all,COMPOSITION,,osc,/composition/disconnectall,int,1,,COMP_DIM|COMP_FULL,
UPPER_8_SHIFT,UPPER_ROW,cc,109,1,SHIFT,ANY,tempo_resync,COMPOSITION,,osc,/composition/tempocontroller/resync,int,1,,OFF|SOLO,
ENC_8_SESSION,ENCODER,cc,78,1,,SESSION,param_relative,COMPOSITION,,osc,/composition/video/opacity,float,0.0-1.0,,,
ENC_8_SESSION_SHIFT,ENCODER,cc,78,1,SHIFT,SESSION,param_relative,COMPOSITION,,osc,/composition/speed,float,0.0-1.0,,,
ENC_8_FX,ENCODER,cc,78,1,,FX,param_relative,FOCUS,,osc,/composition{FOCUS}/dashboard/link8,float,0.0-1.0,,,
RIGHT_8,RIGHT_COL,cc,43,1,,SESSION,clip_bank_select,SURFACE,bank_group+8,internal,surface.bank,int,1,,BANK_DIM|BANK_FULL,
RIGHT_8_FX,RIGHT_COL,cc,43,1,,FX,reserved,SURFACE,8,internal,surface.fx_page,int,1,,OFF,
RIGHT_8_DECK,RIGHT_COL,cc,43,1,SHIFT,ANY,deck_select,COMPOSITION,8,osc,/composition/decks/8/select,int,1,,DECK_DIM|DECK_FULL,
ENC_1_TOUCH,ENCODER_TOUCH,note,0,1,,ANY,encoder_touch,CONTEXT,,internal,surface.touch,,,,,"Capacitive touch, encoder 1. Opens the send window; with SHIFT resets the parameter to default."
ENC_2_TOUCH,ENCODER_TOUCH,note,1,1,,ANY,encoder_touch,CONTEXT,,internal,surface.touch,,,,,"Capacitive touch, encoder 2. Opens the send window; with SHIFT resets the parameter to default."
ENC_3_TOUCH,ENCODER_TOUCH,note,2,1,,ANY,encoder_touch,CONTEXT,,internal,surface.touch,,,,,"Capacitive touch, encoder 3. Opens the send window; with SHIFT resets the parameter to default."
ENC_4_TOUCH,ENCODER_TOUCH,note,3,1,,ANY,encoder_touch,CONTEXT,,internal,surface.touch,,,,,"Capacitive touch, encoder 4. Opens the send window; with SHIFT resets the parameter to default."
ENC_5_TOUCH,ENCODER_TOUCH,note,4,1,,ANY,encoder_touch,CONTEXT,,internal,surface.touch,,,,,"Capacitive touch, encoder 5. Opens the send window; with SHIFT resets the parameter to default."
ENC_6_TOUCH,ENCODER_TOUCH,note,5,1,,ANY,encoder_touch,CONTEXT,,internal,surface.touch,,,,,"Capacitive touch, encoder 6. Opens the send window; with SHIFT resets the parameter to default."
ENC_7_TOUCH,ENCODER_TOUCH,note,6,1,,ANY,encoder_touch,CONTEXT,,internal,surface.touch,,,,,"Capacitive touch, encoder 7. Opens the send window; with SHIFT resets the parameter to default."
ENC_8_TOUCH,ENCODER_TOUCH,note,7,1,,ANY,encoder_touch,CONTEXT,,internal,surface.touch,,,,,"Capacitive touch, encoder 8. Opens the send window; with SHIFT resets the parameter to default."
ENC_TEMPO,ENCODER,cc,14,1,,ANY,param_relative,COMPOSITION,,osc,/composition/tempocontroller/tempo,float,0.0-1.0,,,"Silkscreen ""Tempo"". Touch note 10."
ENC_SWING,ENCODER,cc,15,1,,ANY,param_relative,FOCUS,,osc,/composition/layers/{LAST_LAYER}/transition/duration,float,0.0-1.0,,,"Silkscreen ""Swing"". Transition duration of the focused layer. Touch note 9."
ENC_MASTER,ENCODER,cc,79,1,,ANY,param_relative,COMPOSITION,,osc,/composition/master,float,0.0-1.0,,,"Silkscreen ""Master"" = Resolume master fader. Touch note 8."
TOUCHSTRIP,TOUCHSTRIP,pitchbend,12,1,,ANY,param_absolute,CONTEXT,,osc,/composition/selectedclip/transport/position,float,0.0-1.0,,,Scrub the selected Resolume clip from start to end. 14-bit pitch bend 0-16383. SysEx 17 10: no autoreturn.
PLAY,GLOBAL,cc,85,1,,ANY,tempo_pause_toggle,COMPOSITION,,osc,/composition/tempocontroller/pause,int,0|1,comp.paused,OK|OFF,RGB. Green while the BPM clock runs.
RECORD,GLOBAL,cc,86,1,,ANY,recorder_toggle,COMPOSITION,,osc,/composition/recorder/record,int,0|1,comp.recording,OFF|WARN,RGB. Red while recording.
STOP,GLOBAL,cc,29,1,,ANY,surface_panic,SURFACE,,internal,surface.panic,,,,WARN,"RGB. Panic: re-send User Mode SysEx + palette, full LED redraw, re-adopt Resolume state."
STOP_RESCAN,GLOBAL,cc,29,1,SHIFT,ANY,fx_registry_rescan,SURFACE,,internal,fxregistry.rescan,,,,WARN,Shift+Stop: force a REST re-read and full FX registry rebuild. Use after an edit Resolume did not announce.
SHIFT,GLOBAL,cc,49,1,,ANY,modifier_shift,SURFACE,,internal,surface.shift,,,shift.held,OFF|WHITE_FULL,White-only. Momentary.
SELECT,GLOBAL,cc,48,1,,ANY,modifier_select,SURFACE,,internal,surface.select,,,select.held,OFF|WHITE_FULL,White-only. Momentary.
SESSION,GLOBAL,cc,51,1,,ANY,grid_mode_toggle,SURFACE,,internal,surface.grid_mode,,,surface.grid_mode==FX,WHITE_DIM|WHITE_FULL,White-only. Toggles grid Session<->FX. Remapped 2026-08-16 -- Device no longer sets FX mode.
DEVICE,GLOBAL,cc,110,1,,ANY,surface_resync,SURFACE,,internal,,,,,WHITE_DIM|WHITE_FULL,Device: read authoritative Resolume state and repaint Push; preserve view and bindings.
DEVICE_PARAMBANK,GLOBAL,cc,110,1,SHIFT,ANY,surface_resync,SURFACE,,internal,,,,surface.fx_param_bank,WHITE_DIM|WHITE_FULL,Device: read authoritative Resolume state and repaint Push; preserve view and bindings.
PAGE_LEFT,GLOBAL,cc,62,1,,ANY,clip_scroll_prev,APPLICATION,,osc,/application/ui/clipsscrollhorizontal,float,-0.1 step,,WHITE_DIM,"White-only. Remapped 2026-08-14: was column_prev (a brief intermediate remap), now scrolls the clip grid UI left in 0.1 steps, clamped 0-1, state tracked in Surface.ClipScrollX."
PAGE_RIGHT,GLOBAL,cc,63,1,,ANY,clip_scroll_next,APPLICATION,,osc,/application/ui/clipsscrollhorizontal,float,+0.1 step,,WHITE_DIM,"White-only. Remapped 2026-08-14: was column_next (a brief intermediate remap), now scrolls the clip grid UI right in 0.1 steps, clamped 0-1, state tracked in Surface.ClipScrollX."
UP,GLOBAL,cc,46,1,,ANY,deck_prev,COMPOSITION,,osc,/composition/selectprevdeck,int,1,,WHITE_DIM,White-only. Forces a full FX registry rebuild.
DOWN,GLOBAL,cc,47,1,,ANY,deck_next,COMPOSITION,,osc,/composition/selectnextdeck,int,1,,WHITE_DIM,White-only. Forces a full FX registry rebuild.
TAP_TEMPO,GLOBAL,cc,3,1,,ANY,tempo_tap,COMPOSITION,,osc,/composition/tempocontroller/tempotap,int,1,,WHITE_DIM,White-only.
METRONOME,GLOBAL,cc,9,1,,ANY,metronome_toggle,COMPOSITION,,osc,/composition/tempocontroller/metronome,int,0|1,comp.metronome,WHITE_DIM|WHITE_FULL,White-only.
OCTAVE_UP,GLOBAL,cc,55,1,,ANY,tempo_x2,COMPOSITION,,osc,/composition/tempocontroller/tempomultiplytwo,float,1.0,,WHITE_DIM,White-only. MUST be float: Resolume types this param float where int is expected.
OCTAVE_DOWN,GLOBAL,cc,54,1,,ANY,tempo_div2,COMPOSITION,,osc,/composition/tempocontroller/tempodividetwo,float,1.0,,WHITE_DIM,White-only. MUST be float.
USER,GLOBAL,cc,59,1,,ANY,push_mode_toggle,SURFACE,,internal,push.mode,,,push.mode==USER,WHITE_DIM|WHITE_FULL,White-only. Hand Push back to Live mode / take it again. Always transmits on both ports.
SETUP,GLOBAL,cc,30,1,,ANY,ui_toggle,SURFACE,,internal,ui.visible,,,ui.visible,WHITE_DIM|WHITE_FULL,White-only. Show/hide the TD mirror UI.
MASTER,GLOBAL,cc,28,1,,ANY,reserved,,,,,,,,OFF,White-only. RESERVED.
MUTE,GLOBAL,cc,60,1,,ANY,comp_bypass_toggle,COMPOSITION,,osc,/composition/bypassed,int,0|1,comp.bypassed,OFF|WARN,CC60: Composition blackout. Hold a lower target button to bypass that target.
SOLO,GLOBAL,cc,61,1,,ANY,reserved,,,,,,,,OFF,RGB. RESERVED.
AUTOMATE,GLOBAL,cc,89,1,,ANY,reserved,,,,,,,,OFF,RGB. RESERVED.
UNDO,GLOBAL,cc,119,1,,ANY,reserved,,,,,,,,OFF,White-only. RESERVED - no OSC undo in Resolume.
DELETE,GLOBAL,cc,118,1,,ANY,reserved,,,,,,,,OFF,White-only. RESERVED.
DUPLICATE,GLOBAL,cc,88,1,,ANY,reserved,,,,,,,,OFF,White-only. RESERVED.
NEW,GLOBAL,cc,87,1,,ANY,reserved,,,,,,,,OFF,"White-only. RESERVED. Briefly used as a Preview modifier (2026-08-16), reverted -- Select already does this via the existing clip_select rows (/select)."
FIXED_LENGTH,GLOBAL,cc,90,1,,ANY,reserved,,,,,,,,OFF,White-only. RESERVED.
QUANTIZE,GLOBAL,cc,116,1,,ANY,reserved,,,,,,,,OFF,White-only. RESERVED.
DOUBLE_LOOP,GLOBAL,cc,117,1,,ANY,reserved,,,,,,,,OFF,White-only. RESERVED.
CONVERT,GLOBAL,cc,35,1,,ANY,reserved,,,,,,,,OFF,White-only. RESERVED.
NOTE,GLOBAL,cc,50,1,,ANY,reserved,,,,,,,,OFF,White-only. RESERVED.
LAYOUT,GLOBAL,cc,31,1,,ANY,display_toggle,SURFACE,,internal,display.mode,,,display.mode,WHITE_DIM|WHITE_FULL,White-only. Phase 6d: toggles the Push 2 screen between the live visual preview and the text/UI (encoder labels + status strip).
LAYOUT_SELECT,GLOBAL,cc,31,1,SELECT,ANY,display_source_toggle,SURFACE,,internal,display.source,,,display.source,WHITE_DIM|WHITE_FULL,White-only. Select+Layout: toggles switch1 between Arena:Composition (syphonspoutin2) and Arena:Preview (syphonspoutin1).
ADD_DEVICE,GLOBAL,cc,52,1,,ANY,reserved,,,,,,,,OFF,White-only. RESERVED.
ADD_TRACK,GLOBAL,cc,53,1,,ANY,reserved,,,,,,,,OFF,White-only. RESERVED.
BROWSE,GLOBAL,cc,111,1,,ANY,reserved,,,,,,,,OFF,White-only. RESERVED.
MIX,GLOBAL,cc,112,1,,SESSION,encoder_page_toggle,SURFACE,,internal,surface.encoder_page,,,,WHITE_DIM|WHITE_FULL,Toggle Session encoder page: Opacity / Macro.
CLIP,GLOBAL,cc,113,1,,ANY,reserved,,,,,,,,OFF,White-only. RESERVED.
REPEAT,GLOBAL,cc,56,1,,ANY,reserved,,,,,,,,OFF,White-only. RESERVED.
ACCENT,GLOBAL,cc,57,1,,ANY,reserved,,,,,,,,OFF,White-only. RESERVED.
SCALE,GLOBAL,cc,58,1,,ANY,display_fit_toggle,SURFACE,,internal,display.fit,,,display.fit,WHITE_DIM|WHITE_FULL,White-only. Toggles fit_display's Fit param between Fit Horizontal and Fit Vertical.
LEFT_SESSION,GLOBAL,cc,44,1,,SESSION,clip_bank_prev,SURFACE,,internal,,int,1,,WHITE_DIM|WHITE_FULL,
LEFT_FX,GLOBAL,cc,44,1,,FX,fx_page_prev,SURFACE,,internal,,int,1,,WHITE_DIM|WHITE_FULL,
RIGHT_SESSION,GLOBAL,cc,45,1,,SESSION,clip_bank_next,SURFACE,,internal,,int,1,,WHITE_DIM|WHITE_FULL,
RIGHT_FX,GLOBAL,cc,45,1,,FX,fx_page_next,SURFACE,,internal,,int,1,,WHITE_DIM|WHITE_FULL,
