id,zone,in_type,in_number,in_channel,modifier,grid_mode,action,target,slot,transport,control_path,value_type,value,led_state_source,led_palette,notes
PAD_S1_T1_CLIP,GRID_CLIP,note,92,1,,SESSION,clip_connect,LAYER3,bank*16+1,osc,/composition/layers/{L3}/clips/{bank*16+1}/connect,int,1,clip.connected[L3][bank*16+1],OFF|L3_DIM|L3_MID|L3_FULL,"Layer band 3, row A. Resolume connected is 0-4, not 0/1."
PAD_S1_T1_CLIPSEL,GRID_CLIP,note,92,1,SELECT,SESSION,clip_select,LAYER3,bank*16+1,osc,/composition/layers/{L3}/clips/{bank*16+1}/select,int,1,,,Select in Resolume UI without connecting
PAD_S1_T2_CLIP,GRID_CLIP,note,93,1,,SESSION,clip_connect,LAYER3,bank*16+2,osc,/composition/layers/{L3}/clips/{bank*16+2}/connect,int,1,clip.connected[L3][bank*16+2],OFF|L3_DIM|L3_MID|L3_FULL,"Layer band 3, row A. Resolume connected is 0-4, not 0/1."
PAD_S1_T2_CLIPSEL,GRID_CLIP,note,93,1,SELECT,SESSION,clip_select,LAYER3,bank*16+2,osc,/composition/layers/{L3}/clips/{bank*16+2}/select,int,1,,,Select in Resolume UI without connecting
PAD_S1_T3_CLIP,GRID_CLIP,note,94,1,,SESSION,clip_connect,LAYER3,bank*16+3,osc,/composition/layers/{L3}/clips/{bank*16+3}/connect,int,1,clip.connected[L3][bank*16+3],OFF|L3_DIM|L3_MID|L3_FULL,"Layer band 3, row A. Resolume connected is 0-4, not 0/1."
PAD_S1_T3_CLIPSEL,GRID_CLIP,note,94,1,SELECT,SESSION,clip_select,LAYER3,bank*16+3,osc,/composition/layers/{L3}/clips/{bank*16+3}/select,int,1,,,Select in Resolume UI without connecting
PAD_S1_T4_CLIP,GRID_CLIP,note,95,1,,SESSION,clip_connect,LAYER3,bank*16+4,osc,/composition/layers/{L3}/clips/{bank*16+4}/connect,int,1,clip.connected[L3][bank*16+4],OFF|L3_DIM|L3_MID|L3_FULL,"Layer band 3, row A. Resolume connected is 0-4, not 0/1."
PAD_S1_T4_CLIPSEL,GRID_CLIP,note,95,1,SELECT,SESSION,clip_select,LAYER3,bank*16+4,osc,/composition/layers/{L3}/clips/{bank*16+4}/select,int,1,,,Select in Resolume UI without connecting
PAD_S1_T5_CLIP,GRID_CLIP,note,96,1,,SESSION,clip_connect,LAYER3,bank*16+5,osc,/composition/layers/{L3}/clips/{bank*16+5}/connect,int,1,clip.connected[L3][bank*16+5],OFF|L3_DIM|L3_MID|L3_FULL,"Layer band 3, row A. Resolume connected is 0-4, not 0/1."
PAD_S1_T5_CLIPSEL,GRID_CLIP,note,96,1,SELECT,SESSION,clip_select,LAYER3,bank*16+5,osc,/composition/layers/{L3}/clips/{bank*16+5}/select,int,1,,,Select in Resolume UI without connecting
PAD_S1_T6_CLIP,GRID_CLIP,note,97,1,,SESSION,clip_connect,LAYER3,bank*16+6,osc,/composition/layers/{L3}/clips/{bank*16+6}/connect,int,1,clip.connected[L3][bank*16+6],OFF|L3_DIM|L3_MID|L3_FULL,"Layer band 3, row A. Resolume connected is 0-4, not 0/1."
PAD_S1_T6_CLIPSEL,GRID_CLIP,note,97,1,SELECT,SESSION,clip_select,LAYER3,bank*16+6,osc,/composition/layers/{L3}/clips/{bank*16+6}/select,int,1,,,Select in Resolume UI without connecting
PAD_S1_T7_CLIP,GRID_CLIP,note,98,1,,SESSION,clip_connect,LAYER3,bank*16+7,osc,/composition/layers/{L3}/clips/{bank*16+7}/connect,int,1,clip.connected[L3][bank*16+7],OFF|L3_DIM|L3_MID|L3_FULL,"Layer band 3, row A. Resolume connected is 0-4, not 0/1."
PAD_S1_T7_CLIPSEL,GRID_CLIP,note,98,1,SELECT,SESSION,clip_select,LAYER3,bank*16+7,osc,/composition/layers/{L3}/clips/{bank*16+7}/select,int,1,,,Select in Resolume UI without connecting
PAD_S1_T8_CLIP,GRID_CLIP,note,99,1,,SESSION,clip_connect,LAYER3,bank*16+8,osc,/composition/layers/{L3}/clips/{bank*16+8}/connect,int,1,clip.connected[L3][bank*16+8],OFF|L3_DIM|L3_MID|L3_FULL,"Layer band 3, row A. Resolume connected is 0-4, not 0/1."
PAD_S1_T8_CLIPSEL,GRID_CLIP,note,99,1,SELECT,SESSION,clip_select,LAYER3,bank*16+8,osc,/composition/layers/{L3}/clips/{bank*16+8}/select,int,1,,,Select in Resolume UI without connecting
PAD_S2_T1_CLIP,GRID_CLIP,note,84,1,,SESSION,clip_connect,LAYER3,bank*16+9,osc,/composition/layers/{L3}/clips/{bank*16+9}/connect,int,1,clip.connected[L3][bank*16+9],OFF|L3_DIM|L3_MID|L3_FULL,"Layer band 3, row B. Resolume connected is 0-4, not 0/1."
PAD_S2_T1_CLIPSEL,GRID_CLIP,note,84,1,SELECT,SESSION,clip_select,LAYER3,bank*16+9,osc,/composition/layers/{L3}/clips/{bank*16+9}/select,int,1,,,Select in Resolume UI without connecting
PAD_S2_T2_CLIP,GRID_CLIP,note,85,1,,SESSION,clip_connect,LAYER3,bank*16+10,osc,/composition/layers/{L3}/clips/{bank*16+10}/connect,int,1,clip.connected[L3][bank*16+10],OFF|L3_DIM|L3_MID|L3_FULL,"Layer band 3, row B. Resolume connected is 0-4, not 0/1."
PAD_S2_T2_CLIPSEL,GRID_CLIP,note,85,1,SELECT,SESSION,clip_select,LAYER3,bank*16+10,osc,/composition/layers/{L3}/clips/{bank*16+10}/select,int,1,,,Select in Resolume UI without connecting
PAD_S2_T3_CLIP,GRID_CLIP,note,86,1,,SESSION,clip_connect,LAYER3,bank*16+11,osc,/composition/layers/{L3}/clips/{bank*16+11}/connect,int,1,clip.connected[L3][bank*16+11],OFF|L3_DIM|L3_MID|L3_FULL,"Layer band 3, row B. Resolume connected is 0-4, not 0/1."
PAD_S2_T3_CLIPSEL,GRID_CLIP,note,86,1,SELECT,SESSION,clip_select,LAYER3,bank*16+11,osc,/composition/layers/{L3}/clips/{bank*16+11}/select,int,1,,,Select in Resolume UI without connecting
PAD_S2_T4_CLIP,GRID_CLIP,note,87,1,,SESSION,clip_connect,LAYER3,bank*16+12,osc,/composition/layers/{L3}/clips/{bank*16+12}/connect,int,1,clip.connected[L3][bank*16+12],OFF|L3_DIM|L3_MID|L3_FULL,"Layer band 3, row B. Resolume connected is 0-4, not 0/1."
PAD_S2_T4_CLIPSEL,GRID_CLIP,note,87,1,SELECT,SESSION,clip_select,LAYER3,bank*16+12,osc,/composition/layers/{L3}/clips/{bank*16+12}/select,int,1,,,Select in Resolume UI without connecting
PAD_S2_T5_CLIP,GRID_CLIP,note,88,1,,SESSION,clip_connect,LAYER3,bank*16+13,osc,/composition/layers/{L3}/clips/{bank*16+13}/connect,int,1,clip.connected[L3][bank*16+13],OFF|L3_DIM|L3_MID|L3_FULL,"Layer band 3, row B. Resolume connected is 0-4, not 0/1."
PAD_S2_T5_CLIPSEL,GRID_CLIP,note,88,1,SELECT,SESSION,clip_select,LAYER3,bank*16+13,osc,/composition/layers/{L3}/clips/{bank*16+13}/select,int,1,,,Select in Resolume UI without connecting
PAD_S2_T6_CLIP,GRID_CLIP,note,89,1,,SESSION,clip_connect,LAYER3,bank*16+14,osc,/composition/layers/{L3}/clips/{bank*16+14}/connect,int,1,clip.connected[L3][bank*16+14],OFF|L3_DIM|L3_MID|L3_FULL,"Layer band 3, row B. Resolume connected is 0-4, not 0/1."
PAD_S2_T6_CLIPSEL,GRID_CLIP,note,89,1,SELECT,SESSION,clip_select,LAYER3,bank*16+14,osc,/composition/layers/{L3}/clips/{bank*16+14}/select,int,1,,,Select in Resolume UI without connecting
PAD_S2_T7_CLIP,GRID_CLIP,note,90,1,,SESSION,clip_connect,LAYER3,bank*16+15,osc,/composition/layers/{L3}/clips/{bank*16+15}/connect,int,1,clip.connected[L3][bank*16+15],OFF|L3_DIM|L3_MID|L3_FULL,"Layer band 3, row B. Resolume connected is 0-4, not 0/1."
PAD_S2_T7_CLIPSEL,GRID_CLIP,note,90,1,SELECT,SESSION,clip_select,LAYER3,bank*16+15,osc,/composition/layers/{L3}/clips/{bank*16+15}/select,int,1,,,Select in Resolume UI without connecting
PAD_S2_T8_CLIP,GRID_CLIP,note,91,1,,SESSION,clip_connect,LAYER3,bank*16+16,osc,/composition/layers/{L3}/clips/{bank*16+16}/connect,int,1,clip.connected[L3][bank*16+16],OFF|L3_DIM|L3_MID|L3_FULL,"Layer band 3, row B. Resolume connected is 0-4, not 0/1."
PAD_S2_T8_CLIPSEL,GRID_CLIP,note,91,1,SELECT,SESSION,clip_select,LAYER3,bank*16+16,osc,/composition/layers/{L3}/clips/{bank*16+16}/select,int,1,,,Select in Resolume UI without connecting
PAD_S3_T1_CLIP,GRID_CLIP,note,76,1,,SESSION,clip_connect,LAYER2,bank*16+1,osc,/composition/layers/{L2}/clips/{bank*16+1}/connect,int,1,clip.connected[L2][bank*16+1],OFF|L2_DIM|L2_MID|L2_FULL,"Layer band 2, row A. Resolume connected is 0-4, not 0/1."
PAD_S3_T1_CLIPSEL,GRID_CLIP,note,76,1,SELECT,SESSION,clip_select,LAYER2,bank*16+1,osc,/composition/layers/{L2}/clips/{bank*16+1}/select,int,1,,,Select in Resolume UI without connecting
PAD_S3_T2_CLIP,GRID_CLIP,note,77,1,,SESSION,clip_connect,LAYER2,bank*16+2,osc,/composition/layers/{L2}/clips/{bank*16+2}/connect,int,1,clip.connected[L2][bank*16+2],OFF|L2_DIM|L2_MID|L2_FULL,"Layer band 2, row A. Resolume connected is 0-4, not 0/1."
PAD_S3_T2_CLIPSEL,GRID_CLIP,note,77,1,SELECT,SESSION,clip_select,LAYER2,bank*16+2,osc,/composition/layers/{L2}/clips/{bank*16+2}/select,int,1,,,Select in Resolume UI without connecting
PAD_S3_T3_CLIP,GRID_CLIP,note,78,1,,SESSION,clip_connect,LAYER2,bank*16+3,osc,/composition/layers/{L2}/clips/{bank*16+3}/connect,int,1,clip.connected[L2][bank*16+3],OFF|L2_DIM|L2_MID|L2_FULL,"Layer band 2, row A. Resolume connected is 0-4, not 0/1."
PAD_S3_T3_CLIPSEL,GRID_CLIP,note,78,1,SELECT,SESSION,clip_select,LAYER2,bank*16+3,osc,/composition/layers/{L2}/clips/{bank*16+3}/select,int,1,,,Select in Resolume UI without connecting
PAD_S3_T4_CLIP,GRID_CLIP,note,79,1,,SESSION,clip_connect,LAYER2,bank*16+4,osc,/composition/layers/{L2}/clips/{bank*16+4}/connect,int,1,clip.connected[L2][bank*16+4],OFF|L2_DIM|L2_MID|L2_FULL,"Layer band 2, row A. Resolume connected is 0-4, not 0/1."
PAD_S3_T4_CLIPSEL,GRID_CLIP,note,79,1,SELECT,SESSION,clip_select,LAYER2,bank*16+4,osc,/composition/layers/{L2}/clips/{bank*16+4}/select,int,1,,,Select in Resolume UI without connecting
PAD_S3_T5_CLIP,GRID_CLIP,note,80,1,,SESSION,clip_connect,LAYER2,bank*16+5,osc,/composition/layers/{L2}/clips/{bank*16+5}/connect,int,1,clip.connected[L2][bank*16+5],OFF|L2_DIM|L2_MID|L2_FULL,"Layer band 2, row A. Resolume connected is 0-4, not 0/1."
PAD_S3_T5_CLIPSEL,GRID_CLIP,note,80,1,SELECT,SESSION,clip_select,LAYER2,bank*16+5,osc,/composition/layers/{L2}/clips/{bank*16+5}/select,int,1,,,Select in Resolume UI without connecting
PAD_S3_T6_CLIP,GRID_CLIP,note,81,1,,SESSION,clip_connect,LAYER2,bank*16+6,osc,/composition/layers/{L2}/clips/{bank*16+6}/connect,int,1,clip.connected[L2][bank*16+6],OFF|L2_DIM|L2_MID|L2_FULL,"Layer band 2, row A. Resolume connected is 0-4, not 0/1."
PAD_S3_T6_CLIPSEL,GRID_CLIP,note,81,1,SELECT,SESSION,clip_select,LAYER2,bank*16+6,osc,/composition/layers/{L2}/clips/{bank*16+6}/select,int,1,,,Select in Resolume UI without connecting
PAD_S3_T7_CLIP,GRID_CLIP,note,82,1,,SESSION,clip_connect,LAYER2,bank*16+7,osc,/composition/layers/{L2}/clips/{bank*16+7}/connect,int,1,clip.connected[L2][bank*16+7],OFF|L2_DIM|L2_MID|L2_FULL,"Layer band 2, row A. Resolume connected is 0-4, not 0/1."
PAD_S3_T7_CLIPSEL,GRID_CLIP,note,82,1,SELECT,SESSION,clip_select,LAYER2,bank*16+7,osc,/composition/layers/{L2}/clips/{bank*16+7}/select,int,1,,,Select in Resolume UI without connecting
PAD_S3_T8_CLIP,GRID_CLIP,note,83,1,,SESSION,clip_connect,LAYER2,bank*16+8,osc,/composition/layers/{L2}/clips/{bank*16+8}/connect,int,1,clip.connected[L2][bank*16+8],OFF|L2_DIM|L2_MID|L2_FULL,"Layer band 2, row A. Resolume connected is 0-4, not 0/1."
PAD_S3_T8_CLIPSEL,GRID_CLIP,note,83,1,SELECT,SESSION,clip_select,LAYER2,bank*16+8,osc,/composition/layers/{L2}/clips/{bank*16+8}/select,int,1,,,Select in Resolume UI without connecting
PAD_S4_T1_CLIP,GRID_CLIP,note,68,1,,SESSION,clip_connect,LAYER2,bank*16+9,osc,/composition/layers/{L2}/clips/{bank*16+9}/connect,int,1,clip.connected[L2][bank*16+9],OFF|L2_DIM|L2_MID|L2_FULL,"Layer band 2, row B. Resolume connected is 0-4, not 0/1."
PAD_S4_T1_CLIPSEL,GRID_CLIP,note,68,1,SELECT,SESSION,clip_select,LAYER2,bank*16+9,osc,/composition/layers/{L2}/clips/{bank*16+9}/select,int,1,,,Select in Resolume UI without connecting
PAD_S4_T2_CLIP,GRID_CLIP,note,69,1,,SESSION,clip_connect,LAYER2,bank*16+10,osc,/composition/layers/{L2}/clips/{bank*16+10}/connect,int,1,clip.connected[L2][bank*16+10],OFF|L2_DIM|L2_MID|L2_FULL,"Layer band 2, row B. Resolume connected is 0-4, not 0/1."
PAD_S4_T2_CLIPSEL,GRID_CLIP,note,69,1,SELECT,SESSION,clip_select,LAYER2,bank*16+10,osc,/composition/layers/{L2}/clips/{bank*16+10}/select,int,1,,,Select in Resolume UI without connecting
PAD_S4_T3_CLIP,GRID_CLIP,note,70,1,,SESSION,clip_connect,LAYER2,bank*16+11,osc,/composition/layers/{L2}/clips/{bank*16+11}/connect,int,1,clip.connected[L2][bank*16+11],OFF|L2_DIM|L2_MID|L2_FULL,"Layer band 2, row B. Resolume connected is 0-4, not 0/1."
PAD_S4_T3_CLIPSEL,GRID_CLIP,note,70,1,SELECT,SESSION,clip_select,LAYER2,bank*16+11,osc,/composition/layers/{L2}/clips/{bank*16+11}/select,int,1,,,Select in Resolume UI without connecting
PAD_S4_T4_CLIP,GRID_CLIP,note,71,1,,SESSION,clip_connect,LAYER2,bank*16+12,osc,/composition/layers/{L2}/clips/{bank*16+12}/connect,int,1,clip.connected[L2][bank*16+12],OFF|L2_DIM|L2_MID|L2_FULL,"Layer band 2, row B. Resolume connected is 0-4, not 0/1."
PAD_S4_T4_CLIPSEL,GRID_CLIP,note,71,1,SELECT,SESSION,clip_select,LAYER2,bank*16+12,osc,/composition/layers/{L2}/clips/{bank*16+12}/select,int,1,,,Select in Resolume UI without connecting
PAD_S4_T5_CLIP,GRID_CLIP,note,72,1,,SESSION,clip_connect,LAYER2,bank*16+13,osc,/composition/layers/{L2}/clips/{bank*16+13}/connect,int,1,clip.connected[L2][bank*16+13],OFF|L2_DIM|L2_MID|L2_FULL,"Layer band 2, row B. Resolume connected is 0-4, not 0/1."
PAD_S4_T5_CLIPSEL,GRID_CLIP,note,72,1,SELECT,SESSION,clip_select,LAYER2,bank*16+13,osc,/composition/layers/{L2}/clips/{bank*16+13}/select,int,1,,,Select in Resolume UI without connecting
PAD_S4_T6_CLIP,GRID_CLIP,note,73,1,,SESSION,clip_connect,LAYER2,bank*16+14,osc,/composition/layers/{L2}/clips/{bank*16+14}/connect,int,1,clip.connected[L2][bank*16+14],OFF|L2_DIM|L2_MID|L2_FULL,"Layer band 2, row B. Resolume connected is 0-4, not 0/1."
PAD_S4_T6_CLIPSEL,GRID_CLIP,note,73,1,SELECT,SESSION,clip_select,LAYER2,bank*16+14,osc,/composition/layers/{L2}/clips/{bank*16+14}/select,int,1,,,Select in Resolume UI without connecting
PAD_S4_T7_CLIP,GRID_CLIP,note,74,1,,SESSION,clip_connect,LAYER2,bank*16+15,osc,/composition/layers/{L2}/clips/{bank*16+15}/connect,int,1,clip.connected[L2][bank*16+15],OFF|L2_DIM|L2_MID|L2_FULL,"Layer band 2, row B. Resolume connected is 0-4, not 0/1."
PAD_S4_T7_CLIPSEL,GRID_CLIP,note,74,1,SELECT,SESSION,clip_select,LAYER2,bank*16+15,osc,/composition/layers/{L2}/clips/{bank*16+15}/select,int,1,,,Select in Resolume UI without connecting
PAD_S4_T8_CLIP,GRID_CLIP,note,75,1,,SESSION,clip_connect,LAYER2,bank*16+16,osc,/composition/layers/{L2}/clips/{bank*16+16}/connect,int,1,clip.connected[L2][bank*16+16],OFF|L2_DIM|L2_MID|L2_FULL,"Layer band 2, row B. Resolume connected is 0-4, not 0/1."
PAD_S4_T8_CLIPSEL,GRID_CLIP,note,75,1,SELECT,SESSION,clip_select,LAYER2,bank*16+16,osc,/composition/layers/{L2}/clips/{bank*16+16}/select,int,1,,,Select in Resolume UI without connecting
PAD_S5_T1_CLIP,GRID_CLIP,note,60,1,,SESSION,clip_connect,LAYER1,bank*16+1,osc,/composition/layers/{L1}/clips/{bank*16+1}/connect,int,1,clip.connected[L1][bank*16+1],OFF|L1_DIM|L1_MID|L1_FULL,"Layer band 1, row A. Resolume connected is 0-4, not 0/1."
PAD_S5_T1_CLIPSEL,GRID_CLIP,note,60,1,SELECT,SESSION,clip_select,LAYER1,bank*16+1,osc,/composition/layers/{L1}/clips/{bank*16+1}/select,int,1,,,Select in Resolume UI without connecting
PAD_S5_T2_CLIP,GRID_CLIP,note,61,1,,SESSION,clip_connect,LAYER1,bank*16+2,osc,/composition/layers/{L1}/clips/{bank*16+2}/connect,int,1,clip.connected[L1][bank*16+2],OFF|L1_DIM|L1_MID|L1_FULL,"Layer band 1, row A. Resolume connected is 0-4, not 0/1."
PAD_S5_T2_CLIPSEL,GRID_CLIP,note,61,1,SELECT,SESSION,clip_select,LAYER1,bank*16+2,osc,/composition/layers/{L1}/clips/{bank*16+2}/select,int,1,,,Select in Resolume UI without connecting
PAD_S5_T3_CLIP,GRID_CLIP,note,62,1,,SESSION,clip_connect,LAYER1,bank*16+3,osc,/composition/layers/{L1}/clips/{bank*16+3}/connect,int,1,clip.connected[L1][bank*16+3],OFF|L1_DIM|L1_MID|L1_FULL,"Layer band 1, row A. Resolume connected is 0-4, not 0/1."
PAD_S5_T3_CLIPSEL,GRID_CLIP,note,62,1,SELECT,SESSION,clip_select,LAYER1,bank*16+3,osc,/composition/layers/{L1}/clips/{bank*16+3}/select,int,1,,,Select in Resolume UI without connecting
PAD_S5_T4_CLIP,GRID_CLIP,note,63,1,,SESSION,clip_connect,LAYER1,bank*16+4,osc,/composition/layers/{L1}/clips/{bank*16+4}/connect,int,1,clip.connected[L1][bank*16+4],OFF|L1_DIM|L1_MID|L1_FULL,"Layer band 1, row A. Resolume connected is 0-4, not 0/1."
PAD_S5_T4_CLIPSEL,GRID_CLIP,note,63,1,SELECT,SESSION,clip_select,LAYER1,bank*16+4,osc,/composition/layers/{L1}/clips/{bank*16+4}/select,int,1,,,Select in Resolume UI without connecting
PAD_S5_T5_CLIP,GRID_CLIP,note,64,1,,SESSION,clip_connect,LAYER1,bank*16+5,osc,/composition/layers/{L1}/clips/{bank*16+5}/connect,int,1,clip.connected[L1][bank*16+5],OFF|L1_DIM|L1_MID|L1_FULL,"Layer band 1, row A. Resolume connected is 0-4, not 0/1."
PAD_S5_T5_CLIPSEL,GRID_CLIP,note,64,1,SELECT,SESSION,clip_select,LAYER1,bank*16+5,osc,/composition/layers/{L1}/clips/{bank*16+5}/select,int,1,,,Select in Resolume UI without connecting
PAD_S5_T6_CLIP,GRID_CLIP,note,65,1,,SESSION,clip_connect,LAYER1,bank*16+6,osc,/composition/layers/{L1}/clips/{bank*16+6}/connect,int,1,clip.connected[L1][bank*16+6],OFF|L1_DIM|L1_MID|L1_FULL,"Layer band 1, row A. Resolume connected is 0-4, not 0/1."
PAD_S5_T6_CLIPSEL,GRID_CLIP,note,65,1,SELECT,SESSION,clip_select,LAYER1,bank*16+6,osc,/composition/layers/{L1}/clips/{bank*16+6}/select,int,1,,,Select in Resolume UI without connecting
PAD_S5_T7_CLIP,GRID_CLIP,note,66,1,,SESSION,clip_connect,LAYER1,bank*16+7,osc,/composition/layers/{L1}/clips/{bank*16+7}/connect,int,1,clip.connected[L1][bank*16+7],OFF|L1_DIM|L1_MID|L1_FULL,"Layer band 1, row A. Resolume connected is 0-4, not 0/1."
PAD_S5_T7_CLIPSEL,GRID_CLIP,note,66,1,SELECT,SESSION,clip_select,LAYER1,bank*16+7,osc,/composition/layers/{L1}/clips/{bank*16+7}/select,int,1,,,Select in Resolume UI without connecting
PAD_S5_T8_CLIP,GRID_CLIP,note,67,1,,SESSION,clip_connect,LAYER1,bank*16+8,osc,/composition/layers/{L1}/clips/{bank*16+8}/connect,int,1,clip.connected[L1][bank*16+8],OFF|L1_DIM|L1_MID|L1_FULL,"Layer band 1, row A. Resolume connected is 0-4, not 0/1."
PAD_S5_T8_CLIPSEL,GRID_CLIP,note,67,1,SELECT,SESSION,clip_select,LAYER1,bank*16+8,osc,/composition/layers/{L1}/clips/{bank*16+8}/select,int,1,,,Select in Resolume UI without connecting
PAD_S6_T1_CLIP,GRID_CLIP,note,52,1,,SESSION,clip_connect,LAYER1,bank*16+9,osc,/composition/layers/{L1}/clips/{bank*16+9}/connect,int,1,clip.connected[L1][bank*16+9],OFF|L1_DIM|L1_MID|L1_FULL,"Layer band 1, row B. Resolume connected is 0-4, not 0/1."
PAD_S6_T1_CLIPSEL,GRID_CLIP,note,52,1,SELECT,SESSION,clip_select,LAYER1,bank*16+9,osc,/composition/layers/{L1}/clips/{bank*16+9}/select,int,1,,,Select in Resolume UI without connecting
PAD_S6_T2_CLIP,GRID_CLIP,note,53,1,,SESSION,clip_connect,LAYER1,bank*16+10,osc,/composition/layers/{L1}/clips/{bank*16+10}/connect,int,1,clip.connected[L1][bank*16+10],OFF|L1_DIM|L1_MID|L1_FULL,"Layer band 1, row B. Resolume connected is 0-4, not 0/1."
PAD_S6_T2_CLIPSEL,GRID_CLIP,note,53,1,SELECT,SESSION,clip_select,LAYER1,bank*16+10,osc,/composition/layers/{L1}/clips/{bank*16+10}/select,int,1,,,Select in Resolume UI without connecting
PAD_S6_T3_CLIP,GRID_CLIP,note,54,1,,SESSION,clip_connect,LAYER1,bank*16+11,osc,/composition/layers/{L1}/clips/{bank*16+11}/connect,int,1,clip.connected[L1][bank*16+11],OFF|L1_DIM|L1_MID|L1_FULL,"Layer band 1, row B. Resolume connected is 0-4, not 0/1."
PAD_S6_T3_CLIPSEL,GRID_CLIP,note,54,1,SELECT,SESSION,clip_select,LAYER1,bank*16+11,osc,/composition/layers/{L1}/clips/{bank*16+11}/select,int,1,,,Select in Resolume UI without connecting
PAD_S6_T4_CLIP,GRID_CLIP,note,55,1,,SESSION,clip_connect,LAYER1,bank*16+12,osc,/composition/layers/{L1}/clips/{bank*16+12}/connect,int,1,clip.connected[L1][bank*16+12],OFF|L1_DIM|L1_MID|L1_FULL,"Layer band 1, row B. Resolume connected is 0-4, not 0/1."
PAD_S6_T4_CLIPSEL,GRID_CLIP,note,55,1,SELECT,SESSION,clip_select,LAYER1,bank*16+12,osc,/composition/layers/{L1}/clips/{bank*16+12}/select,int,1,,,Select in Resolume UI without connecting
PAD_S6_T5_CLIP,GRID_CLIP,note,56,1,,SESSION,clip_connect,LAYER1,bank*16+13,osc,/composition/layers/{L1}/clips/{bank*16+13}/connect,int,1,clip.connected[L1][bank*16+13],OFF|L1_DIM|L1_MID|L1_FULL,"Layer band 1, row B. Resolume connected is 0-4, not 0/1."
PAD_S6_T5_CLIPSEL,GRID_CLIP,note,56,1,SELECT,SESSION,clip_select,LAYER1,bank*16+13,osc,/composition/layers/{L1}/clips/{bank*16+13}/select,int,1,,,Select in Resolume UI without connecting
PAD_S6_T6_CLIP,GRID_CLIP,note,57,1,,SESSION,clip_connect,LAYER1,bank*16+14,osc,/composition/layers/{L1}/clips/{bank*16+14}/connect,int,1,clip.connected[L1][bank*16+14],OFF|L1_DIM|L1_MID|L1_FULL,"Layer band 1, row B. Resolume connected is 0-4, not 0/1."
PAD_S6_T6_CLIPSEL,GRID_CLIP,note,57,1,SELECT,SESSION,clip_select,LAYER1,bank*16+14,osc,/composition/layers/{L1}/clips/{bank*16+14}/select,int,1,,,Select in Resolume UI without connecting
PAD_S6_T7_CLIP,GRID_CLIP,note,58,1,,SESSION,clip_connect,LAYER1,bank*16+15,osc,/composition/layers/{L1}/clips/{bank*16+15}/connect,int,1,clip.connected[L1][bank*16+15],OFF|L1_DIM|L1_MID|L1_FULL,"Layer band 1, row B. Resolume connected is 0-4, not 0/1."
PAD_S6_T7_CLIPSEL,GRID_CLIP,note,58,1,SELECT,SESSION,clip_select,LAYER1,bank*16+15,osc,/composition/layers/{L1}/clips/{bank*16+15}/select,int,1,,,Select in Resolume UI without connecting
PAD_S6_T8_CLIP,GRID_CLIP,note,59,1,,SESSION,clip_connect,LAYER1,bank*16+16,osc,/composition/layers/{L1}/clips/{bank*16+16}/connect,int,1,clip.connected[L1][bank*16+16],OFF|L1_DIM|L1_MID|L1_FULL,"Layer band 1, row B. Resolume connected is 0-4, not 0/1."
PAD_S6_T8_CLIPSEL,GRID_CLIP,note,59,1,SELECT,SESSION,clip_select,LAYER1,bank*16+16,osc,/composition/layers/{L1}/clips/{bank*16+16}/select,int,1,,,Select in Resolume UI without connecting
PAD_S7_T1_COL,GRID_COLUMN,note,44,1,,SESSION,column_connect,COMPOSITION,bank*16+1,osc,/composition/columns/{bank*16+1}/connect,int,1,column.selected[bank*16+1],OFF|SCENE_DIM|SCENE_FULL,Fires one clip in every layer. Banks with the clip rows so vertical alignment holds.
PAD_S7_T2_COL,GRID_COLUMN,note,45,1,,SESSION,column_connect,COMPOSITION,bank*16+2,osc,/composition/columns/{bank*16+2}/connect,int,1,column.selected[bank*16+2],OFF|SCENE_DIM|SCENE_FULL,Fires one clip in every layer. Banks with the clip rows so vertical alignment holds.
PAD_S7_T3_COL,GRID_COLUMN,note,46,1,,SESSION,column_connect,COMPOSITION,bank*16+3,osc,/composition/columns/{bank*16+3}/connect,int,1,column.selected[bank*16+3],OFF|SCENE_DIM|SCENE_FULL,Fires one clip in every layer. Banks with the clip rows so vertical alignment holds.
PAD_S7_T4_COL,GRID_COLUMN,note,47,1,,SESSION,column_connect,COMPOSITION,bank*16+4,osc,/composition/columns/{bank*16+4}/connect,int,1,column.selected[bank*16+4],OFF|SCENE_DIM|SCENE_FULL,Fires one clip in every layer. Banks with the clip rows so vertical alignment holds.
PAD_S7_T5_COL,GRID_COLUMN,note,48,1,,SESSION,column_connect,COMPOSITION,bank*16+5,osc,/composition/columns/{bank*16+5}/connect,int,1,column.selected[bank*16+5],OFF|SCENE_DIM|SCENE_FULL,Fires one clip in every layer. Banks with the clip rows so vertical alignment holds.
PAD_S7_T6_COL,GRID_COLUMN,note,49,1,,SESSION,column_connect,COMPOSITION,bank*16+6,osc,/composition/columns/{bank*16+6}/connect,int,1,column.selected[bank*16+6],OFF|SCENE_DIM|SCENE_FULL,Fires one clip in every layer. Banks with the clip rows so vertical alignment holds.
PAD_S7_T7_COL,GRID_COLUMN,note,50,1,,SESSION,column_connect,COMPOSITION,bank*16+7,osc,/composition/columns/{bank*16+7}/connect,int,1,column.selected[bank*16+7],OFF|SCENE_DIM|SCENE_FULL,Fires one clip in every layer. Banks with the clip rows so vertical alignment holds.
PAD_S7_T8_COL,GRID_COLUMN,note,51,1,,SESSION,column_connect,COMPOSITION,bank*16+8,osc,/composition/columns/{bank*16+8}/connect,int,1,column.selected[bank*16+8],OFF|SCENE_DIM|SCENE_FULL,Fires one clip in every layer. Banks with the clip rows so vertical alignment holds.
PAD_S8_T1_COL,GRID_COLUMN,note,36,1,,SESSION,column_connect,COMPOSITION,bank*16+9,osc,/composition/columns/{bank*16+9}/connect,int,1,column.selected[bank*16+9],OFF|SCENE_DIM|SCENE_FULL,Fires one clip in every layer. Banks with the clip rows so vertical alignment holds.
PAD_S8_T2_COL,GRID_COLUMN,note,37,1,,SESSION,column_connect,COMPOSITION,bank*16+10,osc,/composition/columns/{bank*16+10}/connect,int,1,column.selected[bank*16+10],OFF|SCENE_DIM|SCENE_FULL,Fires one clip in every layer. Banks with the clip rows so vertical alignment holds.
PAD_S8_T3_COL,GRID_COLUMN,note,38,1,,SESSION,column_connect,COMPOSITION,bank*16+11,osc,/composition/columns/{bank*16+11}/connect,int,1,column.selected[bank*16+11],OFF|SCENE_DIM|SCENE_FULL,Fires one clip in every layer. Banks with the clip rows so vertical alignment holds.
PAD_S8_T4_COL,GRID_COLUMN,note,39,1,,SESSION,column_connect,COMPOSITION,bank*16+12,osc,/composition/columns/{bank*16+12}/connect,int,1,column.selected[bank*16+12],OFF|SCENE_DIM|SCENE_FULL,Fires one clip in every layer. Banks with the clip rows so vertical alignment holds.
PAD_S8_T5_COL,GRID_COLUMN,note,40,1,,SESSION,column_connect,COMPOSITION,bank*16+13,osc,/composition/columns/{bank*16+13}/connect,int,1,column.selected[bank*16+13],OFF|SCENE_DIM|SCENE_FULL,Fires one clip in every layer. Banks with the clip rows so vertical alignment holds.
PAD_S8_T6_COL,GRID_COLUMN,note,41,1,,SESSION,column_connect,COMPOSITION,bank*16+14,osc,/composition/columns/{bank*16+14}/connect,int,1,column.selected[bank*16+14],OFF|SCENE_DIM|SCENE_FULL,Fires one clip in every layer. Banks with the clip rows so vertical alignment holds.
PAD_S8_T7_COL,GRID_COLUMN,note,42,1,,SESSION,column_connect,COMPOSITION,bank*16+15,osc,/composition/columns/{bank*16+15}/connect,int,1,column.selected[bank*16+15],OFF|SCENE_DIM|SCENE_FULL,Fires one clip in every layer. Banks with the clip rows so vertical alignment holds.
PAD_S8_T8_COL,GRID_COLUMN,note,43,1,,SESSION,column_connect,COMPOSITION,bank*16+16,osc,/composition/columns/{bank*16+16}/connect,int,1,column.selected[bank*16+16],OFF|SCENE_DIM|SCENE_FULL,Fires one clip in every layer. Banks with the clip rows so vertical alignment holds.
PAD_S1_T1_FXOP,GRID_FX,note,92,1,,FX,fx_opacity_toggle,LAYER1,1,ws,/parameter/by-id/{fx[LAYER1:1].opacity_id},float,0.0<->on_value,"fx[LAYER1:1].present, .bypassed, .opacity",OFF|FX_OFF|FX_MID|FX_ON|FX_BYPASSED,"Tap toggles 0 <-> on_value over fx_fade_ms. Hold past momentary_ms = momentary stab. Slot from the runtime FX registry; empty = dark, no send."
PAD_S1_T1_FXBYP,GRID_FX,note,92,1,SHIFT,FX,fx_bypass_toggle,LAYER1,1,ws,/parameter/by-id/{fx[LAYER1:1].bypassed_id},bool_as_int,0|1,fx[LAYER1:1].bypassed,OFF|FX_BYPASSED,Hard bypass: removes the effect from the render chain. Distinct from opacity 0.
PAD_S1_T1_FXCAP,GRID_FX,note,92,1,SELECT,FX,fx_capture_on_value,LAYER1,1,internal,fx[LAYER1:1].on_value,float,current opacity,,,Stores the effect current opacity as this pad on_value and persists it to fx_pins.csv.
PAD_S2_T1_FXOP,GRID_FX,note,84,1,,FX,fx_opacity_toggle,LAYER1,2,ws,/parameter/by-id/{fx[LAYER1:2].opacity_id},float,0.0<->on_value,"fx[LAYER1:2].present, .bypassed, .opacity",OFF|FX_OFF|FX_MID|FX_ON|FX_BYPASSED,"Tap toggles 0 <-> on_value over fx_fade_ms. Hold past momentary_ms = momentary stab. Slot from the runtime FX registry; empty = dark, no send."
PAD_S2_T1_FXBYP,GRID_FX,note,84,1,SHIFT,FX,fx_bypass_toggle,LAYER1,2,ws,/parameter/by-id/{fx[LAYER1:2].bypassed_id},bool_as_int,0|1,fx[LAYER1:2].bypassed,OFF|FX_BYPASSED,Hard bypass: removes the effect from the render chain. Distinct from opacity 0.
PAD_S2_T1_FXCAP,GRID_FX,note,84,1,SELECT,FX,fx_capture_on_value,LAYER1,2,internal,fx[LAYER1:2].on_value,float,current opacity,,,Stores the effect current opacity as this pad on_value and persists it to fx_pins.csv.
PAD_S3_T1_FXOP,GRID_FX,note,76,1,,FX,fx_opacity_toggle,LAYER1,3,ws,/parameter/by-id/{fx[LAYER1:3].opacity_id},float,0.0<->on_value,"fx[LAYER1:3].present, .bypassed, .opacity",OFF|FX_OFF|FX_MID|FX_ON|FX_BYPASSED,"Tap toggles 0 <-> on_value over fx_fade_ms. Hold past momentary_ms = momentary stab. Slot from the runtime FX registry; empty = dark, no send."
PAD_S3_T1_FXBYP,GRID_FX,note,76,1,SHIFT,FX,fx_bypass_toggle,LAYER1,3,ws,/parameter/by-id/{fx[LAYER1:3].bypassed_id},bool_as_int,0|1,fx[LAYER1:3].bypassed,OFF|FX_BYPASSED,Hard bypass: removes the effect from the render chain. Distinct from opacity 0.
PAD_S3_T1_FXCAP,GRID_FX,note,76,1,SELECT,FX,fx_capture_on_value,LAYER1,3,internal,fx[LAYER1:3].on_value,float,current opacity,,,Stores the effect current opacity as this pad on_value and persists it to fx_pins.csv.
PAD_S4_T1_FXOP,GRID_FX,note,68,1,,FX,fx_opacity_toggle,LAYER1,4,ws,/parameter/by-id/{fx[LAYER1:4].opacity_id},float,0.0<->on_value,"fx[LAYER1:4].present, .bypassed, .opacity",OFF|FX_OFF|FX_MID|FX_ON|FX_BYPASSED,"Tap toggles 0 <-> on_value over fx_fade_ms. Hold past momentary_ms = momentary stab. Slot from the runtime FX registry; empty = dark, no send."
PAD_S4_T1_FXBYP,GRID_FX,note,68,1,SHIFT,FX,fx_bypass_toggle,LAYER1,4,ws,/parameter/by-id/{fx[LAYER1:4].bypassed_id},bool_as_int,0|1,fx[LAYER1:4].bypassed,OFF|FX_BYPASSED,Hard bypass: removes the effect from the render chain. Distinct from opacity 0.
PAD_S4_T1_FXCAP,GRID_FX,note,68,1,SELECT,FX,fx_capture_on_value,LAYER1,4,internal,fx[LAYER1:4].on_value,float,current opacity,,,Stores the effect current opacity as this pad on_value and persists it to fx_pins.csv.
PAD_S5_T1_FXOP,GRID_FX,note,60,1,,FX,fx_opacity_toggle,LAYER1,5,ws,/parameter/by-id/{fx[LAYER1:5].opacity_id},float,0.0<->on_value,"fx[LAYER1:5].present, .bypassed, .opacity",OFF|FX_OFF|FX_MID|FX_ON|FX_BYPASSED,"Tap toggles 0 <-> on_value over fx_fade_ms. Hold past momentary_ms = momentary stab. Slot from the runtime FX registry; empty = dark, no send."
PAD_S5_T1_FXBYP,GRID_FX,note,60,1,SHIFT,FX,fx_bypass_toggle,LAYER1,5,ws,/parameter/by-id/{fx[LAYER1:5].bypassed_id},bool_as_int,0|1,fx[LAYER1:5].bypassed,OFF|FX_BYPASSED,Hard bypass: removes the effect from the render chain. Distinct from opacity 0.
PAD_S5_T1_FXCAP,GRID_FX,note,60,1,SELECT,FX,fx_capture_on_value,LAYER1,5,internal,fx[LAYER1:5].on_value,float,current opacity,,,Stores the effect current opacity as this pad on_value and persists it to fx_pins.csv.
PAD_S6_T1_FXOP,GRID_FX,note,52,1,,FX,fx_opacity_toggle,LAYER1,6,ws,/parameter/by-id/{fx[LAYER1:6].opacity_id},float,0.0<->on_value,"fx[LAYER1:6].present, .bypassed, .opacity",OFF|FX_OFF|FX_MID|FX_ON|FX_BYPASSED,"Tap toggles 0 <-> on_value over fx_fade_ms. Hold past momentary_ms = momentary stab. Slot from the runtime FX registry; empty = dark, no send."
PAD_S6_T1_FXBYP,GRID_FX,note,52,1,SHIFT,FX,fx_bypass_toggle,LAYER1,6,ws,/parameter/by-id/{fx[LAYER1:6].bypassed_id},bool_as_int,0|1,fx[LAYER1:6].bypassed,OFF|FX_BYPASSED,Hard bypass: removes the effect from the render chain. Distinct from opacity 0.
PAD_S6_T1_FXCAP,GRID_FX,note,52,1,SELECT,FX,fx_capture_on_value,LAYER1,6,internal,fx[LAYER1:6].on_value,float,current opacity,,,Stores the effect current opacity as this pad on_value and persists it to fx_pins.csv.
PAD_S7_T1_FXOP,GRID_FX,note,44,1,,FX,fx_opacity_toggle,LAYER1,7,ws,/parameter/by-id/{fx[LAYER1:7].opacity_id},float,0.0<->on_value,"fx[LAYER1:7].present, .bypassed, .opacity",OFF|FX_OFF|FX_MID|FX_ON|FX_BYPASSED,"Tap toggles 0 <-> on_value over fx_fade_ms. Hold past momentary_ms = momentary stab. Slot from the runtime FX registry; empty = dark, no send."
PAD_S7_T1_FXBYP,GRID_FX,note,44,1,SHIFT,FX,fx_bypass_toggle,LAYER1,7,ws,/parameter/by-id/{fx[LAYER1:7].bypassed_id},bool_as_int,0|1,fx[LAYER1:7].bypassed,OFF|FX_BYPASSED,Hard bypass: removes the effect from the render chain. Distinct from opacity 0.
PAD_S7_T1_FXCAP,GRID_FX,note,44,1,SELECT,FX,fx_capture_on_value,LAYER1,7,internal,fx[LAYER1:7].on_value,float,current opacity,,,Stores the effect current opacity as this pad on_value and persists it to fx_pins.csv.
PAD_S8_T1_FXOP,GRID_FX,note,36,1,,FX,fx_opacity_toggle,LAYER1,8,ws,/parameter/by-id/{fx[LAYER1:8].opacity_id},float,0.0<->on_value,"fx[LAYER1:8].present, .bypassed, .opacity",OFF|FX_OFF|FX_MID|FX_ON|FX_BYPASSED,"Tap toggles 0 <-> on_value over fx_fade_ms. Hold past momentary_ms = momentary stab. Slot from the runtime FX registry; empty = dark, no send."
PAD_S8_T1_FXBYP,GRID_FX,note,36,1,SHIFT,FX,fx_bypass_toggle,LAYER1,8,ws,/parameter/by-id/{fx[LAYER1:8].bypassed_id},bool_as_int,0|1,fx[LAYER1:8].bypassed,OFF|FX_BYPASSED,Hard bypass: removes the effect from the render chain. Distinct from opacity 0.
PAD_S8_T1_FXCAP,GRID_FX,note,36,1,SELECT,FX,fx_capture_on_value,LAYER1,8,internal,fx[LAYER1:8].on_value,float,current opacity,,,Stores the effect current opacity as this pad on_value and persists it to fx_pins.csv.
PAD_S1_T2_FXOP,GRID_FX,note,93,1,,FX,fx_opacity_toggle,LAYER2,1,ws,/parameter/by-id/{fx[LAYER2:1].opacity_id},float,0.0<->on_value,"fx[LAYER2:1].present, .bypassed, .opacity",OFF|FX_OFF|FX_MID|FX_ON|FX_BYPASSED,"Tap toggles 0 <-> on_value over fx_fade_ms. Hold past momentary_ms = momentary stab. Slot from the runtime FX registry; empty = dark, no send."
PAD_S1_T2_FXBYP,GRID_FX,note,93,1,SHIFT,FX,fx_bypass_toggle,LAYER2,1,ws,/parameter/by-id/{fx[LAYER2:1].bypassed_id},bool_as_int,0|1,fx[LAYER2:1].bypassed,OFF|FX_BYPASSED,Hard bypass: removes the effect from the render chain. Distinct from opacity 0.
PAD_S1_T2_FXCAP,GRID_FX,note,93,1,SELECT,FX,fx_capture_on_value,LAYER2,1,internal,fx[LAYER2:1].on_value,float,current opacity,,,Stores the effect current opacity as this pad on_value and persists it to fx_pins.csv.
PAD_S2_T2_FXOP,GRID_FX,note,85,1,,FX,fx_opacity_toggle,LAYER2,2,ws,/parameter/by-id/{fx[LAYER2:2].opacity_id},float,0.0<->on_value,"fx[LAYER2:2].present, .bypassed, .opacity",OFF|FX_OFF|FX_MID|FX_ON|FX_BYPASSED,"Tap toggles 0 <-> on_value over fx_fade_ms. Hold past momentary_ms = momentary stab. Slot from the runtime FX registry; empty = dark, no send."
PAD_S2_T2_FXBYP,GRID_FX,note,85,1,SHIFT,FX,fx_bypass_toggle,LAYER2,2,ws,/parameter/by-id/{fx[LAYER2:2].bypassed_id},bool_as_int,0|1,fx[LAYER2:2].bypassed,OFF|FX_BYPASSED,Hard bypass: removes the effect from the render chain. Distinct from opacity 0.
PAD_S2_T2_FXCAP,GRID_FX,note,85,1,SELECT,FX,fx_capture_on_value,LAYER2,2,internal,fx[LAYER2:2].on_value,float,current opacity,,,Stores the effect current opacity as this pad on_value and persists it to fx_pins.csv.
PAD_S3_T2_FXOP,GRID_FX,note,77,1,,FX,fx_opacity_toggle,LAYER2,3,ws,/parameter/by-id/{fx[LAYER2:3].opacity_id},float,0.0<->on_value,"fx[LAYER2:3].present, .bypassed, .opacity",OFF|FX_OFF|FX_MID|FX_ON|FX_BYPASSED,"Tap toggles 0 <-> on_value over fx_fade_ms. Hold past momentary_ms = momentary stab. Slot from the runtime FX registry; empty = dark, no send."
PAD_S3_T2_FXBYP,GRID_FX,note,77,1,SHIFT,FX,fx_bypass_toggle,LAYER2,3,ws,/parameter/by-id/{fx[LAYER2:3].bypassed_id},bool_as_int,0|1,fx[LAYER2:3].bypassed,OFF|FX_BYPASSED,Hard bypass: removes the effect from the render chain. Distinct from opacity 0.
PAD_S3_T2_FXCAP,GRID_FX,note,77,1,SELECT,FX,fx_capture_on_value,LAYER2,3,internal,fx[LAYER2:3].on_value,float,current opacity,,,Stores the effect current opacity as this pad on_value and persists it to fx_pins.csv.
PAD_S4_T2_FXOP,GRID_FX,note,69,1,,FX,fx_opacity_toggle,LAYER2,4,ws,/parameter/by-id/{fx[LAYER2:4].opacity_id},float,0.0<->on_value,"fx[LAYER2:4].present, .bypassed, .opacity",OFF|FX_OFF|FX_MID|FX_ON|FX_BYPASSED,"Tap toggles 0 <-> on_value over fx_fade_ms. Hold past momentary_ms = momentary stab. Slot from the runtime FX registry; empty = dark, no send."
PAD_S4_T2_FXBYP,GRID_FX,note,69,1,SHIFT,FX,fx_bypass_toggle,LAYER2,4,ws,/parameter/by-id/{fx[LAYER2:4].bypassed_id},bool_as_int,0|1,fx[LAYER2:4].bypassed,OFF|FX_BYPASSED,Hard bypass: removes the effect from the render chain. Distinct from opacity 0.
PAD_S4_T2_FXCAP,GRID_FX,note,69,1,SELECT,FX,fx_capture_on_value,LAYER2,4,internal,fx[LAYER2:4].on_value,float,current opacity,,,Stores the effect current opacity as this pad on_value and persists it to fx_pins.csv.
PAD_S5_T2_FXOP,GRID_FX,note,61,1,,FX,fx_opacity_toggle,LAYER2,5,ws,/parameter/by-id/{fx[LAYER2:5].opacity_id},float,0.0<->on_value,"fx[LAYER2:5].present, .bypassed, .opacity",OFF|FX_OFF|FX_MID|FX_ON|FX_BYPASSED,"Tap toggles 0 <-> on_value over fx_fade_ms. Hold past momentary_ms = momentary stab. Slot from the runtime FX registry; empty = dark, no send."
PAD_S5_T2_FXBYP,GRID_FX,note,61,1,SHIFT,FX,fx_bypass_toggle,LAYER2,5,ws,/parameter/by-id/{fx[LAYER2:5].bypassed_id},bool_as_int,0|1,fx[LAYER2:5].bypassed,OFF|FX_BYPASSED,Hard bypass: removes the effect from the render chain. Distinct from opacity 0.
PAD_S5_T2_FXCAP,GRID_FX,note,61,1,SELECT,FX,fx_capture_on_value,LAYER2,5,internal,fx[LAYER2:5].on_value,float,current opacity,,,Stores the effect current opacity as this pad on_value and persists it to fx_pins.csv.
PAD_S6_T2_FXOP,GRID_FX,note,53,1,,FX,fx_opacity_toggle,LAYER2,6,ws,/parameter/by-id/{fx[LAYER2:6].opacity_id},float,0.0<->on_value,"fx[LAYER2:6].present, .bypassed, .opacity",OFF|FX_OFF|FX_MID|FX_ON|FX_BYPASSED,"Tap toggles 0 <-> on_value over fx_fade_ms. Hold past momentary_ms = momentary stab. Slot from the runtime FX registry; empty = dark, no send."
PAD_S6_T2_FXBYP,GRID_FX,note,53,1,SHIFT,FX,fx_bypass_toggle,LAYER2,6,ws,/parameter/by-id/{fx[LAYER2:6].bypassed_id},bool_as_int,0|1,fx[LAYER2:6].bypassed,OFF|FX_BYPASSED,Hard bypass: removes the effect from the render chain. Distinct from opacity 0.
PAD_S6_T2_FXCAP,GRID_FX,note,53,1,SELECT,FX,fx_capture_on_value,LAYER2,6,internal,fx[LAYER2:6].on_value,float,current opacity,,,Stores the effect current opacity as this pad on_value and persists it to fx_pins.csv.
PAD_S7_T2_FXOP,GRID_FX,note,45,1,,FX,fx_opacity_toggle,LAYER2,7,ws,/parameter/by-id/{fx[LAYER2:7].opacity_id},float,0.0<->on_value,"fx[LAYER2:7].present, .bypassed, .opacity",OFF|FX_OFF|FX_MID|FX_ON|FX_BYPASSED,"Tap toggles 0 <-> on_value over fx_fade_ms. Hold past momentary_ms = momentary stab. Slot from the runtime FX registry; empty = dark, no send."
PAD_S7_T2_FXBYP,GRID_FX,note,45,1,SHIFT,FX,fx_bypass_toggle,LAYER2,7,ws,/parameter/by-id/{fx[LAYER2:7].bypassed_id},bool_as_int,0|1,fx[LAYER2:7].bypassed,OFF|FX_BYPASSED,Hard bypass: removes the effect from the render chain. Distinct from opacity 0.
PAD_S7_T2_FXCAP,GRID_FX,note,45,1,SELECT,FX,fx_capture_on_value,LAYER2,7,internal,fx[LAYER2:7].on_value,float,current opacity,,,Stores the effect current opacity as this pad on_value and persists it to fx_pins.csv.
PAD_S8_T2_FXOP,GRID_FX,note,37,1,,FX,fx_opacity_toggle,LAYER2,8,ws,/parameter/by-id/{fx[LAYER2:8].opacity_id},float,0.0<->on_value,"fx[LAYER2:8].present, .bypassed, .opacity",OFF|FX_OFF|FX_MID|FX_ON|FX_BYPASSED,"Tap toggles 0 <-> on_value over fx_fade_ms. Hold past momentary_ms = momentary stab. Slot from the runtime FX registry; empty = dark, no send."
PAD_S8_T2_FXBYP,GRID_FX,note,37,1,SHIFT,FX,fx_bypass_toggle,LAYER2,8,ws,/parameter/by-id/{fx[LAYER2:8].bypassed_id},bool_as_int,0|1,fx[LAYER2:8].bypassed,OFF|FX_BYPASSED,Hard bypass: removes the effect from the render chain. Distinct from opacity 0.
PAD_S8_T2_FXCAP,GRID_FX,note,37,1,SELECT,FX,fx_capture_on_value,LAYER2,8,internal,fx[LAYER2:8].on_value,float,current opacity,,,Stores the effect current opacity as this pad on_value and persists it to fx_pins.csv.
PAD_S1_T3_FXOP,GRID_FX,note,94,1,,FX,fx_opacity_toggle,LAYER3,1,ws,/parameter/by-id/{fx[LAYER3:1].opacity_id},float,0.0<->on_value,"fx[LAYER3:1].present, .bypassed, .opacity",OFF|FX_OFF|FX_MID|FX_ON|FX_BYPASSED,"Tap toggles 0 <-> on_value over fx_fade_ms. Hold past momentary_ms = momentary stab. Slot from the runtime FX registry; empty = dark, no send."
PAD_S1_T3_FXBYP,GRID_FX,note,94,1,SHIFT,FX,fx_bypass_toggle,LAYER3,1,ws,/parameter/by-id/{fx[LAYER3:1].bypassed_id},bool_as_int,0|1,fx[LAYER3:1].bypassed,OFF|FX_BYPASSED,Hard bypass: removes the effect from the render chain. Distinct from opacity 0.
PAD_S1_T3_FXCAP,GRID_FX,note,94,1,SELECT,FX,fx_capture_on_value,LAYER3,1,internal,fx[LAYER3:1].on_value,float,current opacity,,,Stores the effect current opacity as this pad on_value and persists it to fx_pins.csv.
PAD_S2_T3_FXOP,GRID_FX,note,86,1,,FX,fx_opacity_toggle,LAYER3,2,ws,/parameter/by-id/{fx[LAYER3:2].opacity_id},float,0.0<->on_value,"fx[LAYER3:2].present, .bypassed, .opacity",OFF|FX_OFF|FX_MID|FX_ON|FX_BYPASSED,"Tap toggles 0 <-> on_value over fx_fade_ms. Hold past momentary_ms = momentary stab. Slot from the runtime FX registry; empty = dark, no send."
PAD_S2_T3_FXBYP,GRID_FX,note,86,1,SHIFT,FX,fx_bypass_toggle,LAYER3,2,ws,/parameter/by-id/{fx[LAYER3:2].bypassed_id},bool_as_int,0|1,fx[LAYER3:2].bypassed,OFF|FX_BYPASSED,Hard bypass: removes the effect from the render chain. Distinct from opacity 0.
PAD_S2_T3_FXCAP,GRID_FX,note,86,1,SELECT,FX,fx_capture_on_value,LAYER3,2,internal,fx[LAYER3:2].on_value,float,current opacity,,,Stores the effect current opacity as this pad on_value and persists it to fx_pins.csv.
PAD_S3_T3_FXOP,GRID_FX,note,78,1,,FX,fx_opacity_toggle,LAYER3,3,ws,/parameter/by-id/{fx[LAYER3:3].opacity_id},float,0.0<->on_value,"fx[LAYER3:3].present, .bypassed, .opacity",OFF|FX_OFF|FX_MID|FX_ON|FX_BYPASSED,"Tap toggles 0 <-> on_value over fx_fade_ms. Hold past momentary_ms = momentary stab. Slot from the runtime FX registry; empty = dark, no send."
PAD_S3_T3_FXBYP,GRID_FX,note,78,1,SHIFT,FX,fx_bypass_toggle,LAYER3,3,ws,/parameter/by-id/{fx[LAYER3:3].bypassed_id},bool_as_int,0|1,fx[LAYER3:3].bypassed,OFF|FX_BYPASSED,Hard bypass: removes the effect from the render chain. Distinct from opacity 0.
PAD_S3_T3_FXCAP,GRID_FX,note,78,1,SELECT,FX,fx_capture_on_value,LAYER3,3,internal,fx[LAYER3:3].on_value,float,current opacity,,,Stores the effect current opacity as this pad on_value and persists it to fx_pins.csv.
PAD_S4_T3_FXOP,GRID_FX,note,70,1,,FX,fx_opacity_toggle,LAYER3,4,ws,/parameter/by-id/{fx[LAYER3:4].opacity_id},float,0.0<->on_value,"fx[LAYER3:4].present, .bypassed, .opacity",OFF|FX_OFF|FX_MID|FX_ON|FX_BYPASSED,"Tap toggles 0 <-> on_value over fx_fade_ms. Hold past momentary_ms = momentary stab. Slot from the runtime FX registry; empty = dark, no send."
PAD_S4_T3_FXBYP,GRID_FX,note,70,1,SHIFT,FX,fx_bypass_toggle,LAYER3,4,ws,/parameter/by-id/{fx[LAYER3:4].bypassed_id},bool_as_int,0|1,fx[LAYER3:4].bypassed,OFF|FX_BYPASSED,Hard bypass: removes the effect from the render chain. Distinct from opacity 0.
PAD_S4_T3_FXCAP,GRID_FX,note,70,1,SELECT,FX,fx_capture_on_value,LAYER3,4,internal,fx[LAYER3:4].on_value,float,current opacity,,,Stores the effect current opacity as this pad on_value and persists it to fx_pins.csv.
PAD_S5_T3_FXOP,GRID_FX,note,62,1,,FX,fx_opacity_toggle,LAYER3,5,ws,/parameter/by-id/{fx[LAYER3:5].opacity_id},float,0.0<->on_value,"fx[LAYER3:5].present, .bypassed, .opacity",OFF|FX_OFF|FX_MID|FX_ON|FX_BYPASSED,"Tap toggles 0 <-> on_value over fx_fade_ms. Hold past momentary_ms = momentary stab. Slot from the runtime FX registry; empty = dark, no send."
PAD_S5_T3_FXBYP,GRID_FX,note,62,1,SHIFT,FX,fx_bypass_toggle,LAYER3,5,ws,/parameter/by-id/{fx[LAYER3:5].bypassed_id},bool_as_int,0|1,fx[LAYER3:5].bypassed,OFF|FX_BYPASSED,Hard bypass: removes the effect from the render chain. Distinct from opacity 0.
PAD_S5_T3_FXCAP,GRID_FX,note,62,1,SELECT,FX,fx_capture_on_value,LAYER3,5,internal,fx[LAYER3:5].on_value,float,current opacity,,,Stores the effect current opacity as this pad on_value and persists it to fx_pins.csv.
PAD_S6_T3_FXOP,GRID_FX,note,54,1,,FX,fx_opacity_toggle,LAYER3,6,ws,/parameter/by-id/{fx[LAYER3:6].opacity_id},float,0.0<->on_value,"fx[LAYER3:6].present, .bypassed, .opacity",OFF|FX_OFF|FX_MID|FX_ON|FX_BYPASSED,"Tap toggles 0 <-> on_value over fx_fade_ms. Hold past momentary_ms = momentary stab. Slot from the runtime FX registry; empty = dark, no send."
PAD_S6_T3_FXBYP,GRID_FX,note,54,1,SHIFT,FX,fx_bypass_toggle,LAYER3,6,ws,/parameter/by-id/{fx[LAYER3:6].bypassed_id},bool_as_int,0|1,fx[LAYER3:6].bypassed,OFF|FX_BYPASSED,Hard bypass: removes the effect from the render chain. Distinct from opacity 0.
PAD_S6_T3_FXCAP,GRID_FX,note,54,1,SELECT,FX,fx_capture_on_value,LAYER3,6,internal,fx[LAYER3:6].on_value,float,current opacity,,,Stores the effect current opacity as this pad on_value and persists it to fx_pins.csv.
PAD_S7_T3_FXOP,GRID_FX,note,46,1,,FX,fx_opacity_toggle,LAYER3,7,ws,/parameter/by-id/{fx[LAYER3:7].opacity_id},float,0.0<->on_value,"fx[LAYER3:7].present, .bypassed, .opacity",OFF|FX_OFF|FX_MID|FX_ON|FX_BYPASSED,"Tap toggles 0 <-> on_value over fx_fade_ms. Hold past momentary_ms = momentary stab. Slot from the runtime FX registry; empty = dark, no send."
PAD_S7_T3_FXBYP,GRID_FX,note,46,1,SHIFT,FX,fx_bypass_toggle,LAYER3,7,ws,/parameter/by-id/{fx[LAYER3:7].bypassed_id},bool_as_int,0|1,fx[LAYER3:7].bypassed,OFF|FX_BYPASSED,Hard bypass: removes the effect from the render chain. Distinct from opacity 0.
PAD_S7_T3_FXCAP,GRID_FX,note,46,1,SELECT,FX,fx_capture_on_value,LAYER3,7,internal,fx[LAYER3:7].on_value,float,current opacity,,,Stores the effect current opacity as this pad on_value and persists it to fx_pins.csv.
PAD_S8_T3_FXOP,GRID_FX,note,38,1,,FX,fx_opacity_toggle,LAYER3,8,ws,/parameter/by-id/{fx[LAYER3:8].opacity_id},float,0.0<->on_value,"fx[LAYER3:8].present, .bypassed, .opacity",OFF|FX_OFF|FX_MID|FX_ON|FX_BYPASSED,"Tap toggles 0 <-> on_value over fx_fade_ms. Hold past momentary_ms = momentary stab. Slot from the runtime FX registry; empty = dark, no send."
PAD_S8_T3_FXBYP,GRID_FX,note,38,1,SHIFT,FX,fx_bypass_toggle,LAYER3,8,ws,/parameter/by-id/{fx[LAYER3:8].bypassed_id},bool_as_int,0|1,fx[LAYER3:8].bypassed,OFF|FX_BYPASSED,Hard bypass: removes the effect from the render chain. Distinct from opacity 0.
PAD_S8_T3_FXCAP,GRID_FX,note,38,1,SELECT,FX,fx_capture_on_value,LAYER3,8,internal,fx[LAYER3:8].on_value,float,current opacity,,,Stores the effect current opacity as this pad on_value and persists it to fx_pins.csv.
PAD_S1_T4_FXOP,GRID_FX,note,95,1,,FX,fx_opacity_toggle,COMPOSITION,1,ws,/parameter/by-id/{fx[COMPOSITION:1].opacity_id},float,0.0<->on_value,"fx[COMPOSITION:1].present, .bypassed, .opacity",OFF|FX_OFF|FX_MID|FX_ON|FX_BYPASSED,"Tap toggles 0 <-> on_value over fx_fade_ms. Hold past momentary_ms = momentary stab. Slot from the runtime FX registry; empty = dark, no send."
PAD_S1_T4_FXBYP,GRID_FX,note,95,1,SHIFT,FX,fx_bypass_toggle,COMPOSITION,1,ws,/parameter/by-id/{fx[COMPOSITION:1].bypassed_id},bool_as_int,0|1,fx[COMPOSITION:1].bypassed,OFF|FX_BYPASSED,Hard bypass: removes the effect from the render chain. Distinct from opacity 0.
PAD_S1_T4_FXCAP,GRID_FX,note,95,1,SELECT,FX,fx_capture_on_value,COMPOSITION,1,internal,fx[COMPOSITION:1].on_value,float,current opacity,,,Stores the effect current opacity as this pad on_value and persists it to fx_pins.csv.
PAD_S2_T4_FXOP,GRID_FX,note,87,1,,FX,fx_opacity_toggle,COMPOSITION,2,ws,/parameter/by-id/{fx[COMPOSITION:2].opacity_id},float,0.0<->on_value,"fx[COMPOSITION:2].present, .bypassed, .opacity",OFF|FX_OFF|FX_MID|FX_ON|FX_BYPASSED,"Tap toggles 0 <-> on_value over fx_fade_ms. Hold past momentary_ms = momentary stab. Slot from the runtime FX registry; empty = dark, no send."
PAD_S2_T4_FXBYP,GRID_FX,note,87,1,SHIFT,FX,fx_bypass_toggle,COMPOSITION,2,ws,/parameter/by-id/{fx[COMPOSITION:2].bypassed_id},bool_as_int,0|1,fx[COMPOSITION:2].bypassed,OFF|FX_BYPASSED,Hard bypass: removes the effect from the render chain. Distinct from opacity 0.
PAD_S2_T4_FXCAP,GRID_FX,note,87,1,SELECT,FX,fx_capture_on_value,COMPOSITION,2,internal,fx[COMPOSITION:2].on_value,float,current opacity,,,Stores the effect current opacity as this pad on_value and persists it to fx_pins.csv.
PAD_S3_T4_FXOP,GRID_FX,note,79,1,,FX,fx_opacity_toggle,COMPOSITION,3,ws,/parameter/by-id/{fx[COMPOSITION:3].opacity_id},float,0.0<->on_value,"fx[COMPOSITION:3].present, .bypassed, .opacity",OFF|FX_OFF|FX_MID|FX_ON|FX_BYPASSED,"Tap toggles 0 <-> on_value over fx_fade_ms. Hold past momentary_ms = momentary stab. Slot from the runtime FX registry; empty = dark, no send."
PAD_S3_T4_FXBYP,GRID_FX,note,79,1,SHIFT,FX,fx_bypass_toggle,COMPOSITION,3,ws,/parameter/by-id/{fx[COMPOSITION:3].bypassed_id},bool_as_int,0|1,fx[COMPOSITION:3].bypassed,OFF|FX_BYPASSED,Hard bypass: removes the effect from the render chain. Distinct from opacity 0.
PAD_S3_T4_FXCAP,GRID_FX,note,79,1,SELECT,FX,fx_capture_on_value,COMPOSITION,3,internal,fx[COMPOSITION:3].on_value,float,current opacity,,,Stores the effect current opacity as this pad on_value and persists it to fx_pins.csv.
PAD_S4_T4_FXOP,GRID_FX,note,71,1,,FX,fx_opacity_toggle,COMPOSITION,4,ws,/parameter/by-id/{fx[COMPOSITION:4].opacity_id},float,0.0<->on_value,"fx[COMPOSITION:4].present, .bypassed, .opacity",OFF|FX_OFF|FX_MID|FX_ON|FX_BYPASSED,"Tap toggles 0 <-> on_value over fx_fade_ms. Hold past momentary_ms = momentary stab. Slot from the runtime FX registry; empty = dark, no send."
PAD_S4_T4_FXBYP,GRID_FX,note,71,1,SHIFT,FX,fx_bypass_toggle,COMPOSITION,4,ws,/parameter/by-id/{fx[COMPOSITION:4].bypassed_id},bool_as_int,0|1,fx[COMPOSITION:4].bypassed,OFF|FX_BYPASSED,Hard bypass: removes the effect from the render chain. Distinct from opacity 0.
PAD_S4_T4_FXCAP,GRID_FX,note,71,1,SELECT,FX,fx_capture_on_value,COMPOSITION,4,internal,fx[COMPOSITION:4].on_value,float,current opacity,,,Stores the effect current opacity as this pad on_value and persists it to fx_pins.csv.
PAD_S5_T4_FXOP,GRID_FX,note,63,1,,FX,fx_opacity_toggle,COMPOSITION,5,ws,/parameter/by-id/{fx[COMPOSITION:5].opacity_id},float,0.0<->on_value,"fx[COMPOSITION:5].present, .bypassed, .opacity",OFF|FX_OFF|FX_MID|FX_ON|FX_BYPASSED,"Tap toggles 0 <-> on_value over fx_fade_ms. Hold past momentary_ms = momentary stab. Slot from the runtime FX registry; empty = dark, no send."
PAD_S5_T4_FXBYP,GRID_FX,note,63,1,SHIFT,FX,fx_bypass_toggle,COMPOSITION,5,ws,/parameter/by-id/{fx[COMPOSITION:5].bypassed_id},bool_as_int,0|1,fx[COMPOSITION:5].bypassed,OFF|FX_BYPASSED,Hard bypass: removes the effect from the render chain. Distinct from opacity 0.
PAD_S5_T4_FXCAP,GRID_FX,note,63,1,SELECT,FX,fx_capture_on_value,COMPOSITION,5,internal,fx[COMPOSITION:5].on_value,float,current opacity,,,Stores the effect current opacity as this pad on_value and persists it to fx_pins.csv.
PAD_S6_T4_FXOP,GRID_FX,note,55,1,,FX,fx_opacity_toggle,COMPOSITION,6,ws,/parameter/by-id/{fx[COMPOSITION:6].opacity_id},float,0.0<->on_value,"fx[COMPOSITION:6].present, .bypassed, .opacity",OFF|FX_OFF|FX_MID|FX_ON|FX_BYPASSED,"Tap toggles 0 <-> on_value over fx_fade_ms. Hold past momentary_ms = momentary stab. Slot from the runtime FX registry; empty = dark, no send."
PAD_S6_T4_FXBYP,GRID_FX,note,55,1,SHIFT,FX,fx_bypass_toggle,COMPOSITION,6,ws,/parameter/by-id/{fx[COMPOSITION:6].bypassed_id},bool_as_int,0|1,fx[COMPOSITION:6].bypassed,OFF|FX_BYPASSED,Hard bypass: removes the effect from the render chain. Distinct from opacity 0.
PAD_S6_T4_FXCAP,GRID_FX,note,55,1,SELECT,FX,fx_capture_on_value,COMPOSITION,6,internal,fx[COMPOSITION:6].on_value,float,current opacity,,,Stores the effect current opacity as this pad on_value and persists it to fx_pins.csv.
PAD_S7_T4_FXOP,GRID_FX,note,47,1,,FX,fx_opacity_toggle,COMPOSITION,7,ws,/parameter/by-id/{fx[COMPOSITION:7].opacity_id},float,0.0<->on_value,"fx[COMPOSITION:7].present, .bypassed, .opacity",OFF|FX_OFF|FX_MID|FX_ON|FX_BYPASSED,"Tap toggles 0 <-> on_value over fx_fade_ms. Hold past momentary_ms = momentary stab. Slot from the runtime FX registry; empty = dark, no send."
PAD_S7_T4_FXBYP,GRID_FX,note,47,1,SHIFT,FX,fx_bypass_toggle,COMPOSITION,7,ws,/parameter/by-id/{fx[COMPOSITION:7].bypassed_id},bool_as_int,0|1,fx[COMPOSITION:7].bypassed,OFF|FX_BYPASSED,Hard bypass: removes the effect from the render chain. Distinct from opacity 0.
PAD_S7_T4_FXCAP,GRID_FX,note,47,1,SELECT,FX,fx_capture_on_value,COMPOSITION,7,internal,fx[COMPOSITION:7].on_value,float,current opacity,,,Stores the effect current opacity as this pad on_value and persists it to fx_pins.csv.
PAD_S8_T4_FXOP,GRID_FX,note,39,1,,FX,fx_opacity_toggle,COMPOSITION,8,ws,/parameter/by-id/{fx[COMPOSITION:8].opacity_id},float,0.0<->on_value,"fx[COMPOSITION:8].present, .bypassed, .opacity",OFF|FX_OFF|FX_MID|FX_ON|FX_BYPASSED,"Tap toggles 0 <-> on_value over fx_fade_ms. Hold past momentary_ms = momentary stab. Slot from the runtime FX registry; empty = dark, no send."
PAD_S8_T4_FXBYP,GRID_FX,note,39,1,SHIFT,FX,fx_bypass_toggle,COMPOSITION,8,ws,/parameter/by-id/{fx[COMPOSITION:8].bypassed_id},bool_as_int,0|1,fx[COMPOSITION:8].bypassed,OFF|FX_BYPASSED,Hard bypass: removes the effect from the render chain. Distinct from opacity 0.
PAD_S8_T4_FXCAP,GRID_FX,note,39,1,SELECT,FX,fx_capture_on_value,COMPOSITION,8,internal,fx[COMPOSITION:8].on_value,float,current opacity,,,Stores the effect current opacity as this pad on_value and persists it to fx_pins.csv.
PAD_S1_T5_FXOP,GRID_FX,note,96,1,,FX,fx_opacity_toggle,LAYER1,9,ws,/parameter/by-id/{fx[LAYER1:9].opacity_id},float,0.0<->on_value,"fx[LAYER1:9].present, .bypassed, .opacity",OFF|FX_OFF|FX_MID|FX_ON|FX_BYPASSED,"Tap toggles 0 <-> on_value over fx_fade_ms. Hold past momentary_ms = momentary stab. Slot from the runtime FX registry; empty = dark, no send."
PAD_S1_T5_FXBYP,GRID_FX,note,96,1,SHIFT,FX,fx_bypass_toggle,LAYER1,9,ws,/parameter/by-id/{fx[LAYER1:9].bypassed_id},bool_as_int,0|1,fx[LAYER1:9].bypassed,OFF|FX_BYPASSED,Hard bypass: removes the effect from the render chain. Distinct from opacity 0.
PAD_S1_T5_FXCAP,GRID_FX,note,96,1,SELECT,FX,fx_capture_on_value,LAYER1,9,internal,fx[LAYER1:9].on_value,float,current opacity,,,Stores the effect current opacity as this pad on_value and persists it to fx_pins.csv.
PAD_S2_T5_FXOP,GRID_FX,note,88,1,,FX,fx_opacity_toggle,LAYER1,10,ws,/parameter/by-id/{fx[LAYER1:10].opacity_id},float,0.0<->on_value,"fx[LAYER1:10].present, .bypassed, .opacity",OFF|FX_OFF|FX_MID|FX_ON|FX_BYPASSED,"Tap toggles 0 <-> on_value over fx_fade_ms. Hold past momentary_ms = momentary stab. Slot from the runtime FX registry; empty = dark, no send."
PAD_S2_T5_FXBYP,GRID_FX,note,88,1,SHIFT,FX,fx_bypass_toggle,LAYER1,10,ws,/parameter/by-id/{fx[LAYER1:10].bypassed_id},bool_as_int,0|1,fx[LAYER1:10].bypassed,OFF|FX_BYPASSED,Hard bypass: removes the effect from the render chain. Distinct from opacity 0.
PAD_S2_T5_FXCAP,GRID_FX,note,88,1,SELECT,FX,fx_capture_on_value,LAYER1,10,internal,fx[LAYER1:10].on_value,float,current opacity,,,Stores the effect current opacity as this pad on_value and persists it to fx_pins.csv.
PAD_S3_T5_FXOP,GRID_FX,note,80,1,,FX,fx_opacity_toggle,LAYER1,11,ws,/parameter/by-id/{fx[LAYER1:11].opacity_id},float,0.0<->on_value,"fx[LAYER1:11].present, .bypassed, .opacity",OFF|FX_OFF|FX_MID|FX_ON|FX_BYPASSED,"Tap toggles 0 <-> on_value over fx_fade_ms. Hold past momentary_ms = momentary stab. Slot from the runtime FX registry; empty = dark, no send."
PAD_S3_T5_FXBYP,GRID_FX,note,80,1,SHIFT,FX,fx_bypass_toggle,LAYER1,11,ws,/parameter/by-id/{fx[LAYER1:11].bypassed_id},bool_as_int,0|1,fx[LAYER1:11].bypassed,OFF|FX_BYPASSED,Hard bypass: removes the effect from the render chain. Distinct from opacity 0.
PAD_S3_T5_FXCAP,GRID_FX,note,80,1,SELECT,FX,fx_capture_on_value,LAYER1,11,internal,fx[LAYER1:11].on_value,float,current opacity,,,Stores the effect current opacity as this pad on_value and persists it to fx_pins.csv.
PAD_S4_T5_FXOP,GRID_FX,note,72,1,,FX,fx_opacity_toggle,LAYER1,12,ws,/parameter/by-id/{fx[LAYER1:12].opacity_id},float,0.0<->on_value,"fx[LAYER1:12].present, .bypassed, .opacity",OFF|FX_OFF|FX_MID|FX_ON|FX_BYPASSED,"Tap toggles 0 <-> on_value over fx_fade_ms. Hold past momentary_ms = momentary stab. Slot from the runtime FX registry; empty = dark, no send."
PAD_S4_T5_FXBYP,GRID_FX,note,72,1,SHIFT,FX,fx_bypass_toggle,LAYER1,12,ws,/parameter/by-id/{fx[LAYER1:12].bypassed_id},bool_as_int,0|1,fx[LAYER1:12].bypassed,OFF|FX_BYPASSED,Hard bypass: removes the effect from the render chain. Distinct from opacity 0.
PAD_S4_T5_FXCAP,GRID_FX,note,72,1,SELECT,FX,fx_capture_on_value,LAYER1,12,internal,fx[LAYER1:12].on_value,float,current opacity,,,Stores the effect current opacity as this pad on_value and persists it to fx_pins.csv.
PAD_S5_T5_FXOP,GRID_FX,note,64,1,,FX,fx_opacity_toggle,LAYER1,13,ws,/parameter/by-id/{fx[LAYER1:13].opacity_id},float,0.0<->on_value,"fx[LAYER1:13].present, .bypassed, .opacity",OFF|FX_OFF|FX_MID|FX_ON|FX_BYPASSED,"Tap toggles 0 <-> on_value over fx_fade_ms. Hold past momentary_ms = momentary stab. Slot from the runtime FX registry; empty = dark, no send."
PAD_S5_T5_FXBYP,GRID_FX,note,64,1,SHIFT,FX,fx_bypass_toggle,LAYER1,13,ws,/parameter/by-id/{fx[LAYER1:13].bypassed_id},bool_as_int,0|1,fx[LAYER1:13].bypassed,OFF|FX_BYPASSED,Hard bypass: removes the effect from the render chain. Distinct from opacity 0.
PAD_S5_T5_FXCAP,GRID_FX,note,64,1,SELECT,FX,fx_capture_on_value,LAYER1,13,internal,fx[LAYER1:13].on_value,float,current opacity,,,Stores the effect current opacity as this pad on_value and persists it to fx_pins.csv.
PAD_S6_T5_FXOP,GRID_FX,note,56,1,,FX,fx_opacity_toggle,LAYER1,14,ws,/parameter/by-id/{fx[LAYER1:14].opacity_id},float,0.0<->on_value,"fx[LAYER1:14].present, .bypassed, .opacity",OFF|FX_OFF|FX_MID|FX_ON|FX_BYPASSED,"Tap toggles 0 <-> on_value over fx_fade_ms. Hold past momentary_ms = momentary stab. Slot from the runtime FX registry; empty = dark, no send."
PAD_S6_T5_FXBYP,GRID_FX,note,56,1,SHIFT,FX,fx_bypass_toggle,LAYER1,14,ws,/parameter/by-id/{fx[LAYER1:14].bypassed_id},bool_as_int,0|1,fx[LAYER1:14].bypassed,OFF|FX_BYPASSED,Hard bypass: removes the effect from the render chain. Distinct from opacity 0.
PAD_S6_T5_FXCAP,GRID_FX,note,56,1,SELECT,FX,fx_capture_on_value,LAYER1,14,internal,fx[LAYER1:14].on_value,float,current opacity,,,Stores the effect current opacity as this pad on_value and persists it to fx_pins.csv.
PAD_S7_T5_FXOP,GRID_FX,note,48,1,,FX,fx_opacity_toggle,LAYER1,15,ws,/parameter/by-id/{fx[LAYER1:15].opacity_id},float,0.0<->on_value,"fx[LAYER1:15].present, .bypassed, .opacity",OFF|FX_OFF|FX_MID|FX_ON|FX_BYPASSED,"Tap toggles 0 <-> on_value over fx_fade_ms. Hold past momentary_ms = momentary stab. Slot from the runtime FX registry; empty = dark, no send."
PAD_S7_T5_FXBYP,GRID_FX,note,48,1,SHIFT,FX,fx_bypass_toggle,LAYER1,15,ws,/parameter/by-id/{fx[LAYER1:15].bypassed_id},bool_as_int,0|1,fx[LAYER1:15].bypassed,OFF|FX_BYPASSED,Hard bypass: removes the effect from the render chain. Distinct from opacity 0.
PAD_S7_T5_FXCAP,GRID_FX,note,48,1,SELECT,FX,fx_capture_on_value,LAYER1,15,internal,fx[LAYER1:15].on_value,float,current opacity,,,Stores the effect current opacity as this pad on_value and persists it to fx_pins.csv.
PAD_S8_T5_FXOP,GRID_FX,note,40,1,,FX,fx_opacity_toggle,LAYER1,16,ws,/parameter/by-id/{fx[LAYER1:16].opacity_id},float,0.0<->on_value,"fx[LAYER1:16].present, .bypassed, .opacity",OFF|FX_OFF|FX_MID|FX_ON|FX_BYPASSED,"Tap toggles 0 <-> on_value over fx_fade_ms. Hold past momentary_ms = momentary stab. Slot from the runtime FX registry; empty = dark, no send."
PAD_S8_T5_FXBYP,GRID_FX,note,40,1,SHIFT,FX,fx_bypass_toggle,LAYER1,16,ws,/parameter/by-id/{fx[LAYER1:16].bypassed_id},bool_as_int,0|1,fx[LAYER1:16].bypassed,OFF|FX_BYPASSED,Hard bypass: removes the effect from the render chain. Distinct from opacity 0.
PAD_S8_T5_FXCAP,GRID_FX,note,40,1,SELECT,FX,fx_capture_on_value,LAYER1,16,internal,fx[LAYER1:16].on_value,float,current opacity,,,Stores the effect current opacity as this pad on_value and persists it to fx_pins.csv.
PAD_S1_T6_FXOP,GRID_FX,note,97,1,,FX,fx_opacity_toggle,LAYER2,9,ws,/parameter/by-id/{fx[LAYER2:9].opacity_id},float,0.0<->on_value,"fx[LAYER2:9].present, .bypassed, .opacity",OFF|FX_OFF|FX_MID|FX_ON|FX_BYPASSED,"Tap toggles 0 <-> on_value over fx_fade_ms. Hold past momentary_ms = momentary stab. Slot from the runtime FX registry; empty = dark, no send."
PAD_S1_T6_FXBYP,GRID_FX,note,97,1,SHIFT,FX,fx_bypass_toggle,LAYER2,9,ws,/parameter/by-id/{fx[LAYER2:9].bypassed_id},bool_as_int,0|1,fx[LAYER2:9].bypassed,OFF|FX_BYPASSED,Hard bypass: removes the effect from the render chain. Distinct from opacity 0.
PAD_S1_T6_FXCAP,GRID_FX,note,97,1,SELECT,FX,fx_capture_on_value,LAYER2,9,internal,fx[LAYER2:9].on_value,float,current opacity,,,Stores the effect current opacity as this pad on_value and persists it to fx_pins.csv.
PAD_S2_T6_FXOP,GRID_FX,note,89,1,,FX,fx_opacity_toggle,LAYER2,10,ws,/parameter/by-id/{fx[LAYER2:10].opacity_id},float,0.0<->on_value,"fx[LAYER2:10].present, .bypassed, .opacity",OFF|FX_OFF|FX_MID|FX_ON|FX_BYPASSED,"Tap toggles 0 <-> on_value over fx_fade_ms. Hold past momentary_ms = momentary stab. Slot from the runtime FX registry; empty = dark, no send."
PAD_S2_T6_FXBYP,GRID_FX,note,89,1,SHIFT,FX,fx_bypass_toggle,LAYER2,10,ws,/parameter/by-id/{fx[LAYER2:10].bypassed_id},bool_as_int,0|1,fx[LAYER2:10].bypassed,OFF|FX_BYPASSED,Hard bypass: removes the effect from the render chain. Distinct from opacity 0.
PAD_S2_T6_FXCAP,GRID_FX,note,89,1,SELECT,FX,fx_capture_on_value,LAYER2,10,internal,fx[LAYER2:10].on_value,float,current opacity,,,Stores the effect current opacity as this pad on_value and persists it to fx_pins.csv.
PAD_S3_T6_FXOP,GRID_FX,note,81,1,,FX,fx_opacity_toggle,LAYER2,11,ws,/parameter/by-id/{fx[LAYER2:11].opacity_id},float,0.0<->on_value,"fx[LAYER2:11].present, .bypassed, .opacity",OFF|FX_OFF|FX_MID|FX_ON|FX_BYPASSED,"Tap toggles 0 <-> on_value over fx_fade_ms. Hold past momentary_ms = momentary stab. Slot from the runtime FX registry; empty = dark, no send."
PAD_S3_T6_FXBYP,GRID_FX,note,81,1,SHIFT,FX,fx_bypass_toggle,LAYER2,11,ws,/parameter/by-id/{fx[LAYER2:11].bypassed_id},bool_as_int,0|1,fx[LAYER2:11].bypassed,OFF|FX_BYPASSED,Hard bypass: removes the effect from the render chain. Distinct from opacity 0.
PAD_S3_T6_FXCAP,GRID_FX,note,81,1,SELECT,FX,fx_capture_on_value,LAYER2,11,internal,fx[LAYER2:11].on_value,float,current opacity,,,Stores the effect current opacity as this pad on_value and persists it to fx_pins.csv.
PAD_S4_T6_FXOP,GRID_FX,note,73,1,,FX,fx_opacity_toggle,LAYER2,12,ws,/parameter/by-id/{fx[LAYER2:12].opacity_id},float,0.0<->on_value,"fx[LAYER2:12].present, .bypassed, .opacity",OFF|FX_OFF|FX_MID|FX_ON|FX_BYPASSED,"Tap toggles 0 <-> on_value over fx_fade_ms. Hold past momentary_ms = momentary stab. Slot from the runtime FX registry; empty = dark, no send."
PAD_S4_T6_FXBYP,GRID_FX,note,73,1,SHIFT,FX,fx_bypass_toggle,LAYER2,12,ws,/parameter/by-id/{fx[LAYER2:12].bypassed_id},bool_as_int,0|1,fx[LAYER2:12].bypassed,OFF|FX_BYPASSED,Hard bypass: removes the effect from the render chain. Distinct from opacity 0.
PAD_S4_T6_FXCAP,GRID_FX,note,73,1,SELECT,FX,fx_capture_on_value,LAYER2,12,internal,fx[LAYER2:12].on_value,float,current opacity,,,Stores the effect current opacity as this pad on_value and persists it to fx_pins.csv.
PAD_S5_T6_FXOP,GRID_FX,note,65,1,,FX,fx_opacity_toggle,LAYER2,13,ws,/parameter/by-id/{fx[LAYER2:13].opacity_id},float,0.0<->on_value,"fx[LAYER2:13].present, .bypassed, .opacity",OFF|FX_OFF|FX_MID|FX_ON|FX_BYPASSED,"Tap toggles 0 <-> on_value over fx_fade_ms. Hold past momentary_ms = momentary stab. Slot from the runtime FX registry; empty = dark, no send."
PAD_S5_T6_FXBYP,GRID_FX,note,65,1,SHIFT,FX,fx_bypass_toggle,LAYER2,13,ws,/parameter/by-id/{fx[LAYER2:13].bypassed_id},bool_as_int,0|1,fx[LAYER2:13].bypassed,OFF|FX_BYPASSED,Hard bypass: removes the effect from the render chain. Distinct from opacity 0.
PAD_S5_T6_FXCAP,GRID_FX,note,65,1,SELECT,FX,fx_capture_on_value,LAYER2,13,internal,fx[LAYER2:13].on_value,float,current opacity,,,Stores the effect current opacity as this pad on_value and persists it to fx_pins.csv.
PAD_S6_T6_FXOP,GRID_FX,note,57,1,,FX,fx_opacity_toggle,LAYER2,14,ws,/parameter/by-id/{fx[LAYER2:14].opacity_id},float,0.0<->on_value,"fx[LAYER2:14].present, .bypassed, .opacity",OFF|FX_OFF|FX_MID|FX_ON|FX_BYPASSED,"Tap toggles 0 <-> on_value over fx_fade_ms. Hold past momentary_ms = momentary stab. Slot from the runtime FX registry; empty = dark, no send."
PAD_S6_T6_FXBYP,GRID_FX,note,57,1,SHIFT,FX,fx_bypass_toggle,LAYER2,14,ws,/parameter/by-id/{fx[LAYER2:14].bypassed_id},bool_as_int,0|1,fx[LAYER2:14].bypassed,OFF|FX_BYPASSED,Hard bypass: removes the effect from the render chain. Distinct from opacity 0.
PAD_S6_T6_FXCAP,GRID_FX,note,57,1,SELECT,FX,fx_capture_on_value,LAYER2,14,internal,fx[LAYER2:14].on_value,float,current opacity,,,Stores the effect current opacity as this pad on_value and persists it to fx_pins.csv.
PAD_S7_T6_FXOP,GRID_FX,note,49,1,,FX,fx_opacity_toggle,LAYER2,15,ws,/parameter/by-id/{fx[LAYER2:15].opacity_id},float,0.0<->on_value,"fx[LAYER2:15].present, .bypassed, .opacity",OFF|FX_OFF|FX_MID|FX_ON|FX_BYPASSED,"Tap toggles 0 <-> on_value over fx_fade_ms. Hold past momentary_ms = momentary stab. Slot from the runtime FX registry; empty = dark, no send."
PAD_S7_T6_FXBYP,GRID_FX,note,49,1,SHIFT,FX,fx_bypass_toggle,LAYER2,15,ws,/parameter/by-id/{fx[LAYER2:15].bypassed_id},bool_as_int,0|1,fx[LAYER2:15].bypassed,OFF|FX_BYPASSED,Hard bypass: removes the effect from the render chain. Distinct from opacity 0.
PAD_S7_T6_FXCAP,GRID_FX,note,49,1,SELECT,FX,fx_capture_on_value,LAYER2,15,internal,fx[LAYER2:15].on_value,float,current opacity,,,Stores the effect current opacity as this pad on_value and persists it to fx_pins.csv.
PAD_S8_T6_FXOP,GRID_FX,note,41,1,,FX,fx_opacity_toggle,LAYER2,16,ws,/parameter/by-id/{fx[LAYER2:16].opacity_id},float,0.0<->on_value,"fx[LAYER2:16].present, .bypassed, .opacity",OFF|FX_OFF|FX_MID|FX_ON|FX_BYPASSED,"Tap toggles 0 <-> on_value over fx_fade_ms. Hold past momentary_ms = momentary stab. Slot from the runtime FX registry; empty = dark, no send."
PAD_S8_T6_FXBYP,GRID_FX,note,41,1,SHIFT,FX,fx_bypass_toggle,LAYER2,16,ws,/parameter/by-id/{fx[LAYER2:16].bypassed_id},bool_as_int,0|1,fx[LAYER2:16].bypassed,OFF|FX_BYPASSED,Hard bypass: removes the effect from the render chain. Distinct from opacity 0.
PAD_S8_T6_FXCAP,GRID_FX,note,41,1,SELECT,FX,fx_capture_on_value,LAYER2,16,internal,fx[LAYER2:16].on_value,float,current opacity,,,Stores the effect current opacity as this pad on_value and persists it to fx_pins.csv.
PAD_S1_T7_FXOP,GRID_FX,note,98,1,,FX,fx_opacity_toggle,LAYER3,9,ws,/parameter/by-id/{fx[LAYER3:9].opacity_id},float,0.0<->on_value,"fx[LAYER3:9].present, .bypassed, .opacity",OFF|FX_OFF|FX_MID|FX_ON|FX_BYPASSED,"Tap toggles 0 <-> on_value over fx_fade_ms. Hold past momentary_ms = momentary stab. Slot from the runtime FX registry; empty = dark, no send."
PAD_S1_T7_FXBYP,GRID_FX,note,98,1,SHIFT,FX,fx_bypass_toggle,LAYER3,9,ws,/parameter/by-id/{fx[LAYER3:9].bypassed_id},bool_as_int,0|1,fx[LAYER3:9].bypassed,OFF|FX_BYPASSED,Hard bypass: removes the effect from the render chain. Distinct from opacity 0.
PAD_S1_T7_FXCAP,GRID_FX,note,98,1,SELECT,FX,fx_capture_on_value,LAYER3,9,internal,fx[LAYER3:9].on_value,float,current opacity,,,Stores the effect current opacity as this pad on_value and persists it to fx_pins.csv.
PAD_S2_T7_FXOP,GRID_FX,note,90,1,,FX,fx_opacity_toggle,LAYER3,10,ws,/parameter/by-id/{fx[LAYER3:10].opacity_id},float,0.0<->on_value,"fx[LAYER3:10].present, .bypassed, .opacity",OFF|FX_OFF|FX_MID|FX_ON|FX_BYPASSED,"Tap toggles 0 <-> on_value over fx_fade_ms. Hold past momentary_ms = momentary stab. Slot from the runtime FX registry; empty = dark, no send."
PAD_S2_T7_FXBYP,GRID_FX,note,90,1,SHIFT,FX,fx_bypass_toggle,LAYER3,10,ws,/parameter/by-id/{fx[LAYER3:10].bypassed_id},bool_as_int,0|1,fx[LAYER3:10].bypassed,OFF|FX_BYPASSED,Hard bypass: removes the effect from the render chain. Distinct from opacity 0.
PAD_S2_T7_FXCAP,GRID_FX,note,90,1,SELECT,FX,fx_capture_on_value,LAYER3,10,internal,fx[LAYER3:10].on_value,float,current opacity,,,Stores the effect current opacity as this pad on_value and persists it to fx_pins.csv.
PAD_S3_T7_FXOP,GRID_FX,note,82,1,,FX,fx_opacity_toggle,LAYER3,11,ws,/parameter/by-id/{fx[LAYER3:11].opacity_id},float,0.0<->on_value,"fx[LAYER3:11].present, .bypassed, .opacity",OFF|FX_OFF|FX_MID|FX_ON|FX_BYPASSED,"Tap toggles 0 <-> on_value over fx_fade_ms. Hold past momentary_ms = momentary stab. Slot from the runtime FX registry; empty = dark, no send."
PAD_S3_T7_FXBYP,GRID_FX,note,82,1,SHIFT,FX,fx_bypass_toggle,LAYER3,11,ws,/parameter/by-id/{fx[LAYER3:11].bypassed_id},bool_as_int,0|1,fx[LAYER3:11].bypassed,OFF|FX_BYPASSED,Hard bypass: removes the effect from the render chain. Distinct from opacity 0.
PAD_S3_T7_FXCAP,GRID_FX,note,82,1,SELECT,FX,fx_capture_on_value,LAYER3,11,internal,fx[LAYER3:11].on_value,float,current opacity,,,Stores the effect current opacity as this pad on_value and persists it to fx_pins.csv.
PAD_S4_T7_FXOP,GRID_FX,note,74,1,,FX,fx_opacity_toggle,LAYER3,12,ws,/parameter/by-id/{fx[LAYER3:12].opacity_id},float,0.0<->on_value,"fx[LAYER3:12].present, .bypassed, .opacity",OFF|FX_OFF|FX_MID|FX_ON|FX_BYPASSED,"Tap toggles 0 <-> on_value over fx_fade_ms. Hold past momentary_ms = momentary stab. Slot from the runtime FX registry; empty = dark, no send."
PAD_S4_T7_FXBYP,GRID_FX,note,74,1,SHIFT,FX,fx_bypass_toggle,LAYER3,12,ws,/parameter/by-id/{fx[LAYER3:12].bypassed_id},bool_as_int,0|1,fx[LAYER3:12].bypassed,OFF|FX_BYPASSED,Hard bypass: removes the effect from the render chain. Distinct from opacity 0.
PAD_S4_T7_FXCAP,GRID_FX,note,74,1,SELECT,FX,fx_capture_on_value,LAYER3,12,internal,fx[LAYER3:12].on_value,float,current opacity,,,Stores the effect current opacity as this pad on_value and persists it to fx_pins.csv.
PAD_S5_T7_FXOP,GRID_FX,note,66,1,,FX,fx_opacity_toggle,LAYER3,13,ws,/parameter/by-id/{fx[LAYER3:13].opacity_id},float,0.0<->on_value,"fx[LAYER3:13].present, .bypassed, .opacity",OFF|FX_OFF|FX_MID|FX_ON|FX_BYPASSED,"Tap toggles 0 <-> on_value over fx_fade_ms. Hold past momentary_ms = momentary stab. Slot from the runtime FX registry; empty = dark, no send."
PAD_S5_T7_FXBYP,GRID_FX,note,66,1,SHIFT,FX,fx_bypass_toggle,LAYER3,13,ws,/parameter/by-id/{fx[LAYER3:13].bypassed_id},bool_as_int,0|1,fx[LAYER3:13].bypassed,OFF|FX_BYPASSED,Hard bypass: removes the effect from the render chain. Distinct from opacity 0.
PAD_S5_T7_FXCAP,GRID_FX,note,66,1,SELECT,FX,fx_capture_on_value,LAYER3,13,internal,fx[LAYER3:13].on_value,float,current opacity,,,Stores the effect current opacity as this pad on_value and persists it to fx_pins.csv.
PAD_S6_T7_FXOP,GRID_FX,note,58,1,,FX,fx_opacity_toggle,LAYER3,14,ws,/parameter/by-id/{fx[LAYER3:14].opacity_id},float,0.0<->on_value,"fx[LAYER3:14].present, .bypassed, .opacity",OFF|FX_OFF|FX_MID|FX_ON|FX_BYPASSED,"Tap toggles 0 <-> on_value over fx_fade_ms. Hold past momentary_ms = momentary stab. Slot from the runtime FX registry; empty = dark, no send."
PAD_S6_T7_FXBYP,GRID_FX,note,58,1,SHIFT,FX,fx_bypass_toggle,LAYER3,14,ws,/parameter/by-id/{fx[LAYER3:14].bypassed_id},bool_as_int,0|1,fx[LAYER3:14].bypassed,OFF|FX_BYPASSED,Hard bypass: removes the effect from the render chain. Distinct from opacity 0.
PAD_S6_T7_FXCAP,GRID_FX,note,58,1,SELECT,FX,fx_capture_on_value,LAYER3,14,internal,fx[LAYER3:14].on_value,float,current opacity,,,Stores the effect current opacity as this pad on_value and persists it to fx_pins.csv.
PAD_S7_T7_FXOP,GRID_FX,note,50,1,,FX,fx_opacity_toggle,LAYER3,15,ws,/parameter/by-id/{fx[LAYER3:15].opacity_id},float,0.0<->on_value,"fx[LAYER3:15].present, .bypassed, .opacity",OFF|FX_OFF|FX_MID|FX_ON|FX_BYPASSED,"Tap toggles 0 <-> on_value over fx_fade_ms. Hold past momentary_ms = momentary stab. Slot from the runtime FX registry; empty = dark, no send."
PAD_S7_T7_FXBYP,GRID_FX,note,50,1,SHIFT,FX,fx_bypass_toggle,LAYER3,15,ws,/parameter/by-id/{fx[LAYER3:15].bypassed_id},bool_as_int,0|1,fx[LAYER3:15].bypassed,OFF|FX_BYPASSED,Hard bypass: removes the effect from the render chain. Distinct from opacity 0.
PAD_S7_T7_FXCAP,GRID_FX,note,50,1,SELECT,FX,fx_capture_on_value,LAYER3,15,internal,fx[LAYER3:15].on_value,float,current opacity,,,Stores the effect current opacity as this pad on_value and persists it to fx_pins.csv.
PAD_S8_T7_FXOP,GRID_FX,note,42,1,,FX,fx_opacity_toggle,LAYER3,16,ws,/parameter/by-id/{fx[LAYER3:16].opacity_id},float,0.0<->on_value,"fx[LAYER3:16].present, .bypassed, .opacity",OFF|FX_OFF|FX_MID|FX_ON|FX_BYPASSED,"Tap toggles 0 <-> on_value over fx_fade_ms. Hold past momentary_ms = momentary stab. Slot from the runtime FX registry; empty = dark, no send."
PAD_S8_T7_FXBYP,GRID_FX,note,42,1,SHIFT,FX,fx_bypass_toggle,LAYER3,16,ws,/parameter/by-id/{fx[LAYER3:16].bypassed_id},bool_as_int,0|1,fx[LAYER3:16].bypassed,OFF|FX_BYPASSED,Hard bypass: removes the effect from the render chain. Distinct from opacity 0.
PAD_S8_T7_FXCAP,GRID_FX,note,42,1,SELECT,FX,fx_capture_on_value,LAYER3,16,internal,fx[LAYER3:16].on_value,float,current opacity,,,Stores the effect current opacity as this pad on_value and persists it to fx_pins.csv.
PAD_S1_T8_FXOP,GRID_FX,note,99,1,,FX,fx_opacity_toggle,COMPOSITION,9,ws,/parameter/by-id/{fx[COMPOSITION:9].opacity_id},float,0.0<->on_value,"fx[COMPOSITION:9].present, .bypassed, .opacity",OFF|FX_OFF|FX_MID|FX_ON|FX_BYPASSED,"Tap toggles 0 <-> on_value over fx_fade_ms. Hold past momentary_ms = momentary stab. Slot from the runtime FX registry; empty = dark, no send."
PAD_S1_T8_FXBYP,GRID_FX,note,99,1,SHIFT,FX,fx_bypass_toggle,COMPOSITION,9,ws,/parameter/by-id/{fx[COMPOSITION:9].bypassed_id},bool_as_int,0|1,fx[COMPOSITION:9].bypassed,OFF|FX_BYPASSED,Hard bypass: removes the effect from the render chain. Distinct from opacity 0.
PAD_S1_T8_FXCAP,GRID_FX,note,99,1,SELECT,FX,fx_capture_on_value,COMPOSITION,9,internal,fx[COMPOSITION:9].on_value,float,current opacity,,,Stores the effect current opacity as this pad on_value and persists it to fx_pins.csv.
PAD_S2_T8_FXOP,GRID_FX,note,91,1,,FX,fx_opacity_toggle,COMPOSITION,10,ws,/parameter/by-id/{fx[COMPOSITION:10].opacity_id},float,0.0<->on_value,"fx[COMPOSITION:10].present, .bypassed, .opacity",OFF|FX_OFF|FX_MID|FX_ON|FX_BYPASSED,"Tap toggles 0 <-> on_value over fx_fade_ms. Hold past momentary_ms = momentary stab. Slot from the runtime FX registry; empty = dark, no send."
PAD_S2_T8_FXBYP,GRID_FX,note,91,1,SHIFT,FX,fx_bypass_toggle,COMPOSITION,10,ws,/parameter/by-id/{fx[COMPOSITION:10].bypassed_id},bool_as_int,0|1,fx[COMPOSITION:10].bypassed,OFF|FX_BYPASSED,Hard bypass: removes the effect from the render chain. Distinct from opacity 0.
PAD_S2_T8_FXCAP,GRID_FX,note,91,1,SELECT,FX,fx_capture_on_value,COMPOSITION,10,internal,fx[COMPOSITION:10].on_value,float,current opacity,,,Stores the effect current opacity as this pad on_value and persists it to fx_pins.csv.
PAD_S3_T8_FXOP,GRID_FX,note,83,1,,FX,fx_opacity_toggle,COMPOSITION,11,ws,/parameter/by-id/{fx[COMPOSITION:11].opacity_id},float,0.0<->on_value,"fx[COMPOSITION:11].present, .bypassed, .opacity",OFF|FX_OFF|FX_MID|FX_ON|FX_BYPASSED,"Tap toggles 0 <-> on_value over fx_fade_ms. Hold past momentary_ms = momentary stab. Slot from the runtime FX registry; empty = dark, no send."
PAD_S3_T8_FXBYP,GRID_FX,note,83,1,SHIFT,FX,fx_bypass_toggle,COMPOSITION,11,ws,/parameter/by-id/{fx[COMPOSITION:11].bypassed_id},bool_as_int,0|1,fx[COMPOSITION:11].bypassed,OFF|FX_BYPASSED,Hard bypass: removes the effect from the render chain. Distinct from opacity 0.
PAD_S3_T8_FXCAP,GRID_FX,note,83,1,SELECT,FX,fx_capture_on_value,COMPOSITION,11,internal,fx[COMPOSITION:11].on_value,float,current opacity,,,Stores the effect current opacity as this pad on_value and persists it to fx_pins.csv.
PAD_S4_T8_FXOP,GRID_FX,note,75,1,,FX,fx_opacity_toggle,COMPOSITION,12,ws,/parameter/by-id/{fx[COMPOSITION:12].opacity_id},float,0.0<->on_value,"fx[COMPOSITION:12].present, .bypassed, .opacity",OFF|FX_OFF|FX_MID|FX_ON|FX_BYPASSED,"Tap toggles 0 <-> on_value over fx_fade_ms. Hold past momentary_ms = momentary stab. Slot from the runtime FX registry; empty = dark, no send."
PAD_S4_T8_FXBYP,GRID_FX,note,75,1,SHIFT,FX,fx_bypass_toggle,COMPOSITION,12,ws,/parameter/by-id/{fx[COMPOSITION:12].bypassed_id},bool_as_int,0|1,fx[COMPOSITION:12].bypassed,OFF|FX_BYPASSED,Hard bypass: removes the effect from the render chain. Distinct from opacity 0.
PAD_S4_T8_FXCAP,GRID_FX,note,75,1,SELECT,FX,fx_capture_on_value,COMPOSITION,12,internal,fx[COMPOSITION:12].on_value,float,current opacity,,,Stores the effect current opacity as this pad on_value and persists it to fx_pins.csv.
PAD_S5_T8_FXOP,GRID_FX,note,67,1,,FX,fx_opacity_toggle,COMPOSITION,13,ws,/parameter/by-id/{fx[COMPOSITION:13].opacity_id},float,0.0<->on_value,"fx[COMPOSITION:13].present, .bypassed, .opacity",OFF|FX_OFF|FX_MID|FX_ON|FX_BYPASSED,"Tap toggles 0 <-> on_value over fx_fade_ms. Hold past momentary_ms = momentary stab. Slot from the runtime FX registry; empty = dark, no send."
PAD_S5_T8_FXBYP,GRID_FX,note,67,1,SHIFT,FX,fx_bypass_toggle,COMPOSITION,13,ws,/parameter/by-id/{fx[COMPOSITION:13].bypassed_id},bool_as_int,0|1,fx[COMPOSITION:13].bypassed,OFF|FX_BYPASSED,Hard bypass: removes the effect from the render chain. Distinct from opacity 0.
PAD_S5_T8_FXCAP,GRID_FX,note,67,1,SELECT,FX,fx_capture_on_value,COMPOSITION,13,internal,fx[COMPOSITION:13].on_value,float,current opacity,,,Stores the effect current opacity as this pad on_value and persists it to fx_pins.csv.
PAD_S6_T8_FXOP,GRID_FX,note,59,1,,FX,fx_opacity_toggle,COMPOSITION,14,ws,/parameter/by-id/{fx[COMPOSITION:14].opacity_id},float,0.0<->on_value,"fx[COMPOSITION:14].present, .bypassed, .opacity",OFF|FX_OFF|FX_MID|FX_ON|FX_BYPASSED,"Tap toggles 0 <-> on_value over fx_fade_ms. Hold past momentary_ms = momentary stab. Slot from the runtime FX registry; empty = dark, no send."
PAD_S6_T8_FXBYP,GRID_FX,note,59,1,SHIFT,FX,fx_bypass_toggle,COMPOSITION,14,ws,/parameter/by-id/{fx[COMPOSITION:14].bypassed_id},bool_as_int,0|1,fx[COMPOSITION:14].bypassed,OFF|FX_BYPASSED,Hard bypass: removes the effect from the render chain. Distinct from opacity 0.
PAD_S6_T8_FXCAP,GRID_FX,note,59,1,SELECT,FX,fx_capture_on_value,COMPOSITION,14,internal,fx[COMPOSITION:14].on_value,float,current opacity,,,Stores the effect current opacity as this pad on_value and persists it to fx_pins.csv.
PAD_S7_T8_FXOP,GRID_FX,note,51,1,,FX,fx_opacity_toggle,COMPOSITION,15,ws,/parameter/by-id/{fx[COMPOSITION:15].opacity_id},float,0.0<->on_value,"fx[COMPOSITION:15].present, .bypassed, .opacity",OFF|FX_OFF|FX_MID|FX_ON|FX_BYPASSED,"Tap toggles 0 <-> on_value over fx_fade_ms. Hold past momentary_ms = momentary stab. Slot from the runtime FX registry; empty = dark, no send."
PAD_S7_T8_FXBYP,GRID_FX,note,51,1,SHIFT,FX,fx_bypass_toggle,COMPOSITION,15,ws,/parameter/by-id/{fx[COMPOSITION:15].bypassed_id},bool_as_int,0|1,fx[COMPOSITION:15].bypassed,OFF|FX_BYPASSED,Hard bypass: removes the effect from the render chain. Distinct from opacity 0.
PAD_S7_T8_FXCAP,GRID_FX,note,51,1,SELECT,FX,fx_capture_on_value,COMPOSITION,15,internal,fx[COMPOSITION:15].on_value,float,current opacity,,,Stores the effect current opacity as this pad on_value and persists it to fx_pins.csv.
PAD_S8_T8_FXOP,GRID_FX,note,43,1,,FX,fx_opacity_toggle,COMPOSITION,16,ws,/parameter/by-id/{fx[COMPOSITION:16].opacity_id},float,0.0<->on_value,"fx[COMPOSITION:16].present, .bypassed, .opacity",OFF|FX_OFF|FX_MID|FX_ON|FX_BYPASSED,"Tap toggles 0 <-> on_value over fx_fade_ms. Hold past momentary_ms = momentary stab. Slot from the runtime FX registry; empty = dark, no send."
PAD_S8_T8_FXBYP,GRID_FX,note,43,1,SHIFT,FX,fx_bypass_toggle,COMPOSITION,16,ws,/parameter/by-id/{fx[COMPOSITION:16].bypassed_id},bool_as_int,0|1,fx[COMPOSITION:16].bypassed,OFF|FX_BYPASSED,Hard bypass: removes the effect from the render chain. Distinct from opacity 0.
PAD_S8_T8_FXCAP,GRID_FX,note,43,1,SELECT,FX,fx_capture_on_value,COMPOSITION,16,internal,fx[COMPOSITION:16].on_value,float,current opacity,,,Stores the effect current opacity as this pad on_value and persists it to fx_pins.csv.
RIGHT_1,RIGHT_COL,cc,36,1,,ANY,clip_bank_select,SURFACE,1,internal,surface.bank,int,1,surface.bank,BANK_DIM|BANK_FULL,"Silkscreen ""1/4"". Clip bank 1 = clips 1-16. TD-internal."
RIGHT_1_DECK,RIGHT_COL,cc,36,1,SHIFT,ANY,deck_select,COMPOSITION,1,osc,/composition/decks/1/select,int,1,deck.selected,DECK_DIM|DECK_FULL,Shift-guarded. Deck switch purges inactive-deck clips AND destroys their parameter ids: forces a full registry rebuild.
RIGHT_2,RIGHT_COL,cc,37,1,,ANY,clip_bank_select,SURFACE,2,internal,surface.bank,int,2,surface.bank,BANK_DIM|BANK_FULL,"Silkscreen ""1/4t"". Clip bank 2 = clips 17-32. TD-internal."
RIGHT_2_DECK,RIGHT_COL,cc,37,1,SHIFT,ANY,deck_select,COMPOSITION,2,osc,/composition/decks/2/select,int,1,deck.selected,DECK_DIM|DECK_FULL,Shift-guarded. Deck switch purges inactive-deck clips AND destroys their parameter ids: forces a full registry rebuild.
RIGHT_3,RIGHT_COL,cc,38,1,,ANY,clip_bank_select,SURFACE,3,internal,surface.bank,int,3,surface.bank,BANK_DIM|BANK_FULL,"Silkscreen ""1/8"". Clip bank 3 = clips 33-48. TD-internal."
RIGHT_3_DECK,RIGHT_COL,cc,38,1,SHIFT,ANY,deck_select,COMPOSITION,3,osc,/composition/decks/3/select,int,1,deck.selected,DECK_DIM|DECK_FULL,Shift-guarded. Deck switch purges inactive-deck clips AND destroys their parameter ids: forces a full registry rebuild.
RIGHT_4,RIGHT_COL,cc,39,1,,ANY,clip_bank_select,SURFACE,4,internal,surface.bank,int,4,surface.bank,BANK_DIM|BANK_FULL,"Silkscreen ""1/8t"". Clip bank 4 = clips 49-64. TD-internal."
RIGHT_4_DECK,RIGHT_COL,cc,39,1,SHIFT,ANY,deck_select,COMPOSITION,4,osc,/composition/decks/4/select,int,1,deck.selected,DECK_DIM|DECK_FULL,Shift-guarded. Deck switch purges inactive-deck clips AND destroys their parameter ids: forces a full registry rebuild.
RIGHT_5,RIGHT_COL,cc,40,1,,ANY,clip_bank_select,SURFACE,5,internal,surface.bank,int,5,surface.bank,BANK_DIM|BANK_FULL,"Silkscreen ""1/16"". Clip bank 5 = clips 65-80. TD-internal."
RIGHT_5_DECK,RIGHT_COL,cc,40,1,SHIFT,ANY,deck_select,COMPOSITION,5,osc,/composition/decks/5/select,int,1,deck.selected,DECK_DIM|DECK_FULL,Shift-guarded. Deck switch purges inactive-deck clips AND destroys their parameter ids: forces a full registry rebuild.
RIGHT_6,RIGHT_COL,cc,41,1,,ANY,clip_bank_select,SURFACE,6,internal,surface.bank,int,6,surface.bank,BANK_DIM|BANK_FULL,"Silkscreen ""1/16t"". Clip bank 6 = clips 81-96. TD-internal."
RIGHT_6_DECK,RIGHT_COL,cc,41,1,SHIFT,ANY,deck_select,COMPOSITION,6,osc,/composition/decks/6/select,int,1,deck.selected,DECK_DIM|DECK_FULL,Shift-guarded. Deck switch purges inactive-deck clips AND destroys their parameter ids: forces a full registry rebuild.
RIGHT_7,RIGHT_COL,cc,42,1,,ANY,clip_bank_select,SURFACE,7,internal,surface.bank,int,7,surface.bank,BANK_DIM|BANK_FULL,"Silkscreen ""1/32"". Clip bank 7 = clips 97-112. TD-internal."
RIGHT_7_DECK,RIGHT_COL,cc,42,1,SHIFT,ANY,deck_select,COMPOSITION,7,osc,/composition/decks/7/select,int,1,deck.selected,DECK_DIM|DECK_FULL,Shift-guarded. Deck switch purges inactive-deck clips AND destroys their parameter ids: forces a full registry rebuild.
RIGHT_8,RIGHT_COL,cc,43,1,,ANY,clip_bank_select,SURFACE,8,internal,surface.bank,int,8,surface.bank,BANK_DIM|BANK_FULL,"Silkscreen ""1/32t"". Clip bank 8 = clips 113-128. TD-internal."
RIGHT_8_DECK,RIGHT_COL,cc,43,1,SHIFT,ANY,deck_select,COMPOSITION,8,osc,/composition/decks/8/select,int,1,deck.selected,DECK_DIM|DECK_FULL,Shift-guarded. Deck switch purges inactive-deck clips AND destroys their parameter ids: forces a full registry rebuild.
UPPER_1,UPPER_ROW,cc,102,1,,ANY,layer_clear,LAYER1,,osc,/composition/layers/{L1}/clear,int,1,layer.clearpulse[L1],FX_OFF|FX_MID|FX_ON,Clear Layer 1 (RGB)
UPPER_2,UPPER_ROW,cc,103,1,,ANY,layer_clear,LAYER2,,osc,/composition/layers/{L2}/clear,int,1,layer.clearpulse[L2],FX_OFF|FX_MID|FX_ON,Clear Layer 2 (RGB)
UPPER_3,UPPER_ROW,cc,104,1,,ANY,layer_clear,LAYER3,,osc,/composition/layers/{L3}/clear,int,1,layer.clearpulse[L3],FX_OFF|FX_MID|FX_ON,Clear Layer 3 (RGB)
UPPER_4,UPPER_ROW,cc,105,1,,ANY,comp_disconnect_all,COMPOSITION,,osc,/composition/disconnectall,int,1,,FX_OFF|FX_MID|FX_ON,Disconnect All (RGB)
UPPER_5,UPPER_ROW,cc,106,1,,ANY,layer_solo_toggle,LAYER1,,osc,/composition/layers/{L1}/solo,int,0|1,layer.solo[L1],FX_OFF|FX_MID|FX_ON,Solo Layer 1 (RGB)
UPPER_6,UPPER_ROW,cc,107,1,,ANY,layer_solo_toggle,LAYER2,,osc,/composition/layers/{L2}/solo,int,0|1,layer.solo[L2],FX_OFF|FX_MID|FX_ON,Solo Layer 2 (RGB)
UPPER_7,UPPER_ROW,cc,108,1,,ANY,layer_solo_toggle,LAYER3,,osc,/composition/layers/{L3}/solo,int,0|1,layer.solo[L3],FX_OFF|FX_MID|FX_ON,Solo Layer 3 (RGB)
UPPER_8,UPPER_ROW,cc,109,1,,ANY,tempo_resync,COMPOSITION,,osc,/composition/tempocontroller/resync,int,1,,FX_OFF|FX_MID|FX_ON,Resync Tempo (RGB)
LOWER_1,LOWER_ROW,cc,20,1,,ANY,layer_focus,LAYER1,,osc,/composition/layers/{L1}/select,int,1,surface.focus==L1,L1_DIM|L1_FULL,Focus + select Layer 1 (RGB). Focus also picks which target the FX encoders address.
LOWER_2,LOWER_ROW,cc,21,1,,ANY,layer_focus,LAYER2,,osc,/composition/layers/{L2}/select,int,1,surface.focus==L2,L2_DIM|L2_FULL,Focus + select Layer 2 (RGB). Focus also picks which target the FX encoders address.
LOWER_3,LOWER_ROW,cc,22,1,,ANY,layer_focus,LAYER3,,osc,/composition/layers/{L3}/select,int,1,surface.focus==L3,L3_DIM|L3_FULL,Focus + select Layer 3 (RGB). Focus also picks which target the FX encoders address.
LOWER_4,LOWER_ROW,cc,23,1,,ANY,comp_focus,COMPOSITION,,osc,/composition/select,int,1,surface.focus==COMP,COMP_DIM|COMP_FULL,"Focus Composition (RGB). Also sends the real /composition/select trigger, matching layer_focus. Focus also picks which target the FX encoders address."
LOWER_5,LOWER_ROW,cc,24,1,,ANY,layer_bypass_toggle,LAYER1,,osc,/composition/layers/{L1}/bypassed,int,0|1,layer.bypassed[L1],OFF|WARN,Bypass Layer 1 (RGB). Focus also picks which target the FX encoders address.
LOWER_6,LOWER_ROW,cc,25,1,,ANY,layer_bypass_toggle,LAYER2,,osc,/composition/layers/{L2}/bypassed,int,0|1,layer.bypassed[L2],OFF|WARN,Bypass Layer 2 (RGB). Focus also picks which target the FX encoders address.
LOWER_7,LOWER_ROW,cc,26,1,,ANY,layer_bypass_toggle,LAYER3,,osc,/composition/layers/{L3}/bypassed,int,0|1,layer.bypassed[L3],OFF|WARN,Bypass Layer 3 (RGB). Focus also picks which target the FX encoders address.
LOWER_8,LOWER_ROW,cc,27,1,,ANY,reserved,,,,,,,,OFF,RGB. RESERVED. Blackout moved to MUTE (hw CC61).
ENC_1,ENCODER,cc,71,1,,SESSION,param_relative,LAYER1,,osc,/composition/layers/{L1}/video/opacity,float,0.0-1.0,,,Layer 1 opacity in SESSION mode.
ENC_1_FX,ENCODER,cc,71,1,,FX,param_relative,FOCUS,,osc,/composition{FOCUS}/dashboard/link1,float,0.0-1.0,,,"FX mode: encoder 1 of 8 direct 1:1 to the FOCUSED target's Dashboard link1 (LAYER1/2/3 or COMPOSITION, tracks layer_focus/comp_focus)."
ENC_1_SHIFT,ENCODER,cc,71,1,SHIFT,ANY,param_relative,LAYER1,,osc,/composition/layers/{L1}/speed,float,0.0-1.0,,,Layer 1 speed
ENC_1_FINE,ENCODER,cc,71,1,SELECT,ANY,param_relative_fine,LAYER1,,osc,/composition/layers/{L1}/video/opacity,float,0.0-1.0,,,Layer 1 opacity at 0.2x step
ENC_2,ENCODER,cc,72,1,,SESSION,param_relative,LAYER2,,osc,/composition/layers/{L2}/video/opacity,float,0.0-1.0,,,Layer 2 opacity in SESSION mode.
ENC_2_FX,ENCODER,cc,72,1,,FX,param_relative,FOCUS,,osc,/composition{FOCUS}/dashboard/link2,float,0.0-1.0,,,"FX mode: encoder 2 of 8 direct 1:1 to the FOCUSED target's Dashboard link2 (LAYER1/2/3 or COMPOSITION, tracks layer_focus/comp_focus)."
ENC_2_SHIFT,ENCODER,cc,72,1,SHIFT,ANY,param_relative,LAYER2,,osc,/composition/layers/{L2}/speed,float,0.0-1.0,,,Layer 2 speed
ENC_2_FINE,ENCODER,cc,72,1,SELECT,ANY,param_relative_fine,LAYER2,,osc,/composition/layers/{L2}/video/opacity,float,0.0-1.0,,,Layer 2 opacity at 0.2x step
ENC_3,ENCODER,cc,73,1,,SESSION,param_relative,LAYER3,,osc,/composition/layers/{L3}/video/opacity,float,0.0-1.0,,,Layer 3 opacity in SESSION mode.
ENC_3_FX,ENCODER,cc,73,1,,FX,param_relative,FOCUS,,osc,/composition{FOCUS}/dashboard/link3,float,0.0-1.0,,,"FX mode: encoder 3 of 8 direct 1:1 to the FOCUSED target's Dashboard link3 (LAYER1/2/3 or COMPOSITION, tracks layer_focus/comp_focus)."
ENC_3_SHIFT,ENCODER,cc,73,1,SHIFT,ANY,param_relative,LAYER3,,osc,/composition/layers/{L3}/speed,float,0.0-1.0,,,Layer 3 speed
ENC_3_FINE,ENCODER,cc,73,1,SELECT,ANY,param_relative_fine,LAYER3,,osc,/composition/layers/{L3}/video/opacity,float,0.0-1.0,,,Layer 3 opacity at 0.2x step
ENC_4,ENCODER,cc,74,1,,SESSION,param_relative,COMPOSITION,,osc,/composition/video/opacity,float,0.0-1.0,,,Composition opacity in SESSION mode.
ENC_4_FX,ENCODER,cc,74,1,,FX,param_relative,FOCUS,,osc,/composition{FOCUS}/dashboard/link4,float,0.0-1.0,,,"FX mode: encoder 4 of 8 direct 1:1 to the FOCUSED target's Dashboard link4 (LAYER1/2/3 or COMPOSITION, tracks layer_focus/comp_focus)."
ENC_4_SHIFT,ENCODER,cc,74,1,SHIFT,ANY,param_relative,COMPOSITION,,osc,/composition/speed,float,0.0-1.0,,,Composition speed
ENC_4_FINE,ENCODER,cc,74,1,SELECT,ANY,param_relative_fine,COMPOSITION,,osc,/composition/video/opacity,float,0.0-1.0,,,Composition opacity at 0.2x step
ENC_5_SESSION,ENCODER,cc,75,1,,SESSION,param_relative,LAYER1,,osc,/composition/layers/{L1}/dashboard/link1,float,0.0-1.0,,,"LAYER1 macro via Resolume Dashboard link. The performer maps any parameter to it inside Resolume, so TD never needs an effect name."
ENC_5_SESSION_SHIFT,ENCODER,cc,75,1,SHIFT,SESSION,param_relative,LAYER1,,osc,/composition/layers/{L1}/dashboard/link2,float,0.0-1.0,,,LAYER1 macro 2
ENC_5_FX,ENCODER,cc,75,1,,FX,param_relative,FOCUS,,osc,/composition{FOCUS}/dashboard/link5,float,0.0-1.0,,,"FX mode: encoder 5 of 8 direct 1:1 to the FOCUSED target's Dashboard link5 (LAYER1/2/3 or COMPOSITION, tracks layer_focus/comp_focus)."
ENC_5_FINE,ENCODER,cc,75,1,SELECT,ANY,param_relative_fine,CONTEXT,,context,whatever the plain mapping is in the current grid mode,float,0.0-1.0,,,"Fine mode, 0.2x step"
ENC_6_SESSION,ENCODER,cc,76,1,,SESSION,param_relative,LAYER2,,osc,/composition/layers/{L2}/dashboard/link1,float,0.0-1.0,,,"LAYER2 macro via Resolume Dashboard link. The performer maps any parameter to it inside Resolume, so TD never needs an effect name."
ENC_6_SESSION_SHIFT,ENCODER,cc,76,1,SHIFT,SESSION,param_relative,LAYER2,,osc,/composition/layers/{L2}/dashboard/link2,float,0.0-1.0,,,LAYER2 macro 2
ENC_6_FX,ENCODER,cc,76,1,,FX,param_relative,FOCUS,,osc,/composition{FOCUS}/dashboard/link6,float,0.0-1.0,,,"FX mode: encoder 6 of 8 direct 1:1 to the FOCUSED target's Dashboard link6 (LAYER1/2/3 or COMPOSITION, tracks layer_focus/comp_focus)."
ENC_6_FINE,ENCODER,cc,76,1,SELECT,ANY,param_relative_fine,CONTEXT,,context,whatever the plain mapping is in the current grid mode,float,0.0-1.0,,,"Fine mode, 0.2x step"
ENC_7_SESSION,ENCODER,cc,77,1,,SESSION,param_relative,LAYER3,,osc,/composition/layers/{L3}/dashboard/link1,float,0.0-1.0,,,"LAYER3 macro via Resolume Dashboard link. The performer maps any parameter to it inside Resolume, so TD never needs an effect name."
ENC_7_SESSION_SHIFT,ENCODER,cc,77,1,SHIFT,SESSION,param_relative,LAYER3,,osc,/composition/layers/{L3}/dashboard/link2,float,0.0-1.0,,,LAYER3 macro 2
ENC_7_FX,ENCODER,cc,77,1,,FX,param_relative,FOCUS,,osc,/composition{FOCUS}/dashboard/link7,float,0.0-1.0,,,"FX mode: encoder 7 of 8 direct 1:1 to the FOCUSED target's Dashboard link7 (LAYER1/2/3 or COMPOSITION, tracks layer_focus/comp_focus)."
ENC_7_FINE,ENCODER,cc,77,1,SELECT,ANY,param_relative_fine,CONTEXT,,context,whatever the plain mapping is in the current grid mode,float,0.0-1.0,,,"Fine mode, 0.2x step"
ENC_8_SESSION,ENCODER,cc,78,1,,SESSION,param_relative,COMPOSITION,,osc,/composition/dashboard/link1,float,0.0-1.0,,,"COMPOSITION macro via Resolume Dashboard link. The performer maps any parameter to it inside Resolume, so TD never needs an effect name."
ENC_8_SESSION_SHIFT,ENCODER,cc,78,1,SHIFT,SESSION,param_relative,COMPOSITION,,osc,/composition/dashboard/link2,float,0.0-1.0,,,COMPOSITION macro 2
ENC_8_FX,ENCODER,cc,78,1,,FX,param_relative,FOCUS,,osc,/composition{FOCUS}/dashboard/link8,float,0.0-1.0,,,"FX mode: encoder 8 of 8 direct 1:1 to the FOCUSED target's Dashboard link8 (LAYER1/2/3 or COMPOSITION, tracks layer_focus/comp_focus)."
ENC_8_FINE,ENCODER,cc,78,1,SELECT,ANY,param_relative_fine,CONTEXT,,context,whatever the plain mapping is in the current grid mode,float,0.0-1.0,,,"Fine mode, 0.2x step"
ENC_1_TOUCH,ENCODER_TOUCH,note,0,1,,ANY,encoder_touch,CONTEXT,,internal,surface.touch,,,,,"Capacitive touch, encoder 1. Opens the send window; with SHIFT resets the parameter to default."
ENC_2_TOUCH,ENCODER_TOUCH,note,1,1,,ANY,encoder_touch,CONTEXT,,internal,surface.touch,,,,,"Capacitive touch, encoder 2. Opens the send window; with SHIFT resets the parameter to default."
ENC_3_TOUCH,ENCODER_TOUCH,note,2,1,,ANY,encoder_touch,CONTEXT,,internal,surface.touch,,,,,"Capacitive touch, encoder 3. Opens the send window; with SHIFT resets the parameter to default."
ENC_4_TOUCH,ENCODER_TOUCH,note,3,1,,ANY,encoder_touch,CONTEXT,,internal,surface.touch,,,,,"Capacitive touch, encoder 4. Opens the send window; with SHIFT resets the parameter to default."
ENC_5_TOUCH,ENCODER_TOUCH,note,4,1,,ANY,encoder_touch,CONTEXT,,internal,surface.touch,,,,,"Capacitive touch, encoder 5. Opens the send window; with SHIFT resets the parameter to default."
ENC_6_TOUCH,ENCODER_TOUCH,note,5,1,,ANY,encoder_touch,CONTEXT,,internal,surface.touch,,,,,"Capacitive touch, encoder 6. Opens the send window; with SHIFT resets the parameter to default."
ENC_7_TOUCH,ENCODER_TOUCH,note,6,1,,ANY,encoder_touch,CONTEXT,,internal,surface.touch,,,,,"Capacitive touch, encoder 7. Opens the send window; with SHIFT resets the parameter to default."
ENC_8_TOUCH,ENCODER_TOUCH,note,7,1,,ANY,encoder_touch,CONTEXT,,internal,surface.touch,,,,,"Capacitive touch, encoder 8. Opens the send window; with SHIFT resets the parameter to default."
ENC_TEMPO,ENCODER,cc,14,1,,ANY,param_relative,COMPOSITION,,osc,/composition/tempocontroller/tempo,float,0.0-1.0,,,"Silkscreen ""Tempo"". Touch note 10."
ENC_SWING,ENCODER,cc,15,1,,ANY,param_relative,FOCUS,,osc,/composition/selectedlayer/transition/duration,float,0.0-1.0,,,"Silkscreen ""Swing"". Transition duration of the focused layer. Touch note 9."
ENC_MASTER,ENCODER,cc,79,1,,ANY,param_relative,COMPOSITION,,osc,/composition/master,float,0.0-1.0,,,"Silkscreen ""Master"" = Resolume master fader. Touch note 8."
TOUCHSTRIP,TOUCHSTRIP,pitchbend,12,1,,ANY,param_absolute,COMPOSITION,,osc,/composition/crossfader/phase,float,0.0-1.0,,,"14-bit pitch bend 0-16383. SysEx 17 10 = bar from centre, no autoreturn. Arena only."
PLAY,GLOBAL,cc,85,1,,ANY,tempo_pause_toggle,COMPOSITION,,osc,/composition/tempocontroller/pause,int,0|1,comp.paused,OK|OFF,RGB. Green while the BPM clock runs.
RECORD,GLOBAL,cc,86,1,,ANY,recorder_toggle,COMPOSITION,,osc,/composition/recorder/record,int,0|1,comp.recording,OFF|WARN,RGB. Red while recording.
STOP,GLOBAL,cc,29,1,,ANY,surface_panic,SURFACE,,internal,surface.panic,,,,WARN,"RGB. Panic: re-send User Mode SysEx + palette, full LED redraw, re-adopt Resolume state."
STOP_RESCAN,GLOBAL,cc,29,1,SHIFT,ANY,fx_registry_rescan,SURFACE,,internal,fxregistry.rescan,,,,WARN,Shift+Stop: force a REST re-read and full FX registry rebuild. Use after an edit Resolume did not announce.
SHIFT,GLOBAL,cc,49,1,,ANY,modifier_shift,SURFACE,,internal,surface.shift,,,shift.held,OFF|WHITE_FULL,White-only. Momentary.
SELECT,GLOBAL,cc,48,1,,ANY,modifier_select,SURFACE,,internal,surface.select,,,select.held,OFF|WHITE_FULL,White-only. Momentary.
SESSION,GLOBAL,cc,51,1,,ANY,grid_mode_toggle,SURFACE,,internal,surface.grid_mode,,,surface.grid_mode==FX,WHITE_DIM|WHITE_FULL,"White-only. Toggles grid Session<->FX. Remapped 2026-08-16 -- Device no longer sets FX mode."
DEVICE,GLOBAL,cc,110,1,,ANY,reserved,,,,,,,,OFF,"White-only. RESERVED. Remapped 2026-08-16 (was grid_mode_fx) -- Session now toggles both modes."
DEVICE_PARAMBANK,GLOBAL,cc,110,1,SHIFT,ANY,fx_param_bank_toggle,SURFACE,,internal,surface.fx_param_bank,,,surface.fx_param_bank,WHITE_DIM|WHITE_FULL,"Shift+Device: encoders 5-8 drive the last-touched effect deep parameters instead of its opacity. Phase 4b, optional."
PAGE_LEFT,GLOBAL,cc,62,1,,ANY,clip_scroll_prev,APPLICATION,,osc,/application/ui/clipsscrollhorizontal,float,-0.1 step,,WHITE_DIM,"White-only. Remapped 2026-08-14: was column_prev (a brief intermediate remap), now scrolls the clip grid UI left in 0.1 steps, clamped 0-1, state tracked in Surface.ClipScrollX."
PAGE_RIGHT,GLOBAL,cc,63,1,,ANY,clip_scroll_next,APPLICATION,,osc,/application/ui/clipsscrollhorizontal,float,+0.1 step,,WHITE_DIM,"White-only. Remapped 2026-08-14: was column_next (a brief intermediate remap), now scrolls the clip grid UI right in 0.1 steps, clamped 0-1, state tracked in Surface.ClipScrollX."
UP,GLOBAL,cc,46,1,,ANY,deck_prev,COMPOSITION,,osc,/composition/selectprevdeck,int,1,,WHITE_DIM,White-only. Forces a full FX registry rebuild.
DOWN,GLOBAL,cc,47,1,,ANY,deck_next,COMPOSITION,,osc,/composition/selectnextdeck,int,1,,WHITE_DIM,White-only. Forces a full FX registry rebuild.
LEFT,GLOBAL,cc,44,1,,ANY,clip_bank_prev,SURFACE,,internal,surface.bank,,,surface.bank>1,WHITE_DIM|WHITE_FULL,"White-only. Remapped 2026-08-14: was PAGE_LEFT (62), swapped after CC62 stopped responding on hardware."
RIGHT,GLOBAL,cc,45,1,,ANY,clip_bank_next,SURFACE,,internal,surface.bank,,,surface.bank<8,WHITE_DIM|WHITE_FULL,"White-only. Remapped 2026-08-14: was PAGE_RIGHT (63), swapped after CC63 stopped responding on hardware."
TAP_TEMPO,GLOBAL,cc,3,1,,ANY,tempo_tap,COMPOSITION,,osc,/composition/tempocontroller/tempotap,int,1,,WHITE_DIM,White-only.
METRONOME,GLOBAL,cc,9,1,,ANY,metronome_toggle,COMPOSITION,,osc,/composition/tempocontroller/metronome,int,0|1,comp.metronome,WHITE_DIM|WHITE_FULL,White-only.
OCTAVE_UP,GLOBAL,cc,55,1,,ANY,tempo_x2,COMPOSITION,,osc,/composition/tempocontroller/tempomultiplytwo,float,1.0,,WHITE_DIM,White-only. MUST be float: Resolume types this param float where int is expected.
OCTAVE_DOWN,GLOBAL,cc,54,1,,ANY,tempo_div2,COMPOSITION,,osc,/composition/tempocontroller/tempodividetwo,float,1.0,,WHITE_DIM,White-only. MUST be float.
USER,GLOBAL,cc,59,1,,ANY,push_mode_toggle,SURFACE,,internal,push.mode,,,push.mode==USER,WHITE_DIM|WHITE_FULL,White-only. Hand Push back to Live mode / take it again. Always transmits on both ports.
SETUP,GLOBAL,cc,30,1,,ANY,ui_toggle,SURFACE,,internal,ui.visible,,,ui.visible,WHITE_DIM|WHITE_FULL,White-only. Show/hide the TD mirror UI.
MASTER,GLOBAL,cc,28,1,,ANY,reserved,,,,,,,,OFF,White-only. RESERVED.
MUTE,GLOBAL,cc,60,1,,ANY,comp_bypass_toggle,COMPOSITION,,osc,/composition/bypassed,int,0|1,comp.bypassed,OFF|WARN,Blackout (comp bypass) (RGB). Moved here from LOWER_8 (hw CC28).
SOLO,GLOBAL,cc,61,1,,ANY,reserved,,,,,,,,OFF,RGB. RESERVED.
AUTOMATE,GLOBAL,cc,89,1,,ANY,reserved,,,,,,,,OFF,RGB. RESERVED.
UNDO,GLOBAL,cc,119,1,,ANY,reserved,,,,,,,,OFF,White-only. RESERVED - no OSC undo in Resolume.
DELETE,GLOBAL,cc,118,1,,ANY,reserved,,,,,,,,OFF,White-only. RESERVED.
DUPLICATE,GLOBAL,cc,88,1,,ANY,reserved,,,,,,,,OFF,White-only. RESERVED.
NEW,GLOBAL,cc,87,1,,ANY,reserved,,,,,,,,OFF,"White-only. RESERVED. Briefly used as a Preview modifier (2026-08-16), reverted -- Select already does this via the existing clip_select rows (/select)."
FIXED_LENGTH,GLOBAL,cc,90,1,,ANY,reserved,,,,,,,,OFF,White-only. RESERVED.
QUANTIZE,GLOBAL,cc,116,1,,ANY,reserved,,,,,,,,OFF,White-only. RESERVED.
DOUBLE_LOOP,GLOBAL,cc,117,1,,ANY,reserved,,,,,,,,OFF,White-only. RESERVED.
CONVERT,GLOBAL,cc,35,1,,ANY,reserved,,,,,,,,OFF,White-only. RESERVED.
NOTE,GLOBAL,cc,50,1,,ANY,reserved,,,,,,,,OFF,White-only. RESERVED.
LAYOUT,GLOBAL,cc,31,1,,ANY,display_toggle,SURFACE,,internal,display.mode,,,display.mode,WHITE_DIM|WHITE_FULL,"White-only. Phase 6d: toggles the Push 2 screen between the live visual preview and the text/UI (encoder labels + status strip)."
LAYOUT_SELECT,GLOBAL,cc,31,1,SELECT,ANY,display_source_toggle,SURFACE,,internal,display.source,,,display.source,WHITE_DIM|WHITE_FULL,"White-only. Select+Layout: toggles switch1 between Arena:Composition (syphonspoutin2) and Arena:Preview (syphonspoutin1)."
ADD_DEVICE,GLOBAL,cc,52,1,,ANY,reserved,,,,,,,,OFF,White-only. RESERVED.
ADD_TRACK,GLOBAL,cc,53,1,,ANY,reserved,,,,,,,,OFF,White-only. RESERVED.
BROWSE,GLOBAL,cc,111,1,,ANY,reserved,,,,,,,,OFF,White-only. RESERVED.
MIX,GLOBAL,cc,112,1,,ANY,reserved,,,,,,,,OFF,White-only. RESERVED.
CLIP,GLOBAL,cc,113,1,,ANY,reserved,,,,,,,,OFF,White-only. RESERVED.
REPEAT,GLOBAL,cc,56,1,,ANY,reserved,,,,,,,,OFF,White-only. RESERVED.
ACCENT,GLOBAL,cc,57,1,,ANY,reserved,,,,,,,,OFF,White-only. RESERVED.
SCALE,GLOBAL,cc,58,1,,ANY,display_fit_toggle,SURFACE,,internal,display.fit,,,display.fit,WHITE_DIM|WHITE_FULL,"White-only. Toggles fit_display's Fit param between Fit Horizontal and Fit Vertical."
